x,y,x_sin,y_sin,x_cos,y_cos,label
-0.7935487849051956,-0.09777386011806095,-0.7128465897613523,-0.09761815264923278,0.7013199979079524,0.9952239427753691,1
0.06465909661875813,-0.16307777979592494,0.06461405159067048,-0.16235591541544997,0.9979103288056689,0.9867322619280324,0
-0.011876044369395801,0.1398524620704667,-0.011875765204297329,0.1393970187081463,0.9999294806139143,0.9902365733375438,1
-0.1443981647481643,0.8360950754433276,-0.143896884042435,0.7420310573012731,0.9895926873026488,0.6703655047810522,0
0.2816466386773333,0.23485412149855617,0.2779377842468718,0.23270111410066183,0.9605990777051263,0.972548297770507,1
0.32158225917687505,-0.1993211317741911,0.31606810267515284,-0.19800394900771467,0.9487365042367291,0.9802012222892554,1
-0.11446701722875317,0.13956160067647697,-0.11421720981556342,0.13910899122558856,0.9934558012221518,0.9902770766609712,1
-0.11861804558876675,0.7834728360163251,-0.1183400771387544,0.7057440593989099,0.9929731245823291,0.7084668818111034,1
0.2842272049959935,-0.26222859724590325,0.280415745683087,-0.2592336057393795,0.9598786431487046,0.965814649741533,1
-0.25675268040549254,0.8090121684901935,-0.25394102482872416,0.7236057128191823,0.9672197040532917,0.6902135701182954,1
0.44135354050570036,0.7215612051098491,0.42716369254003317,0.6605575908614152,0.9041743082921367,0.7507753786288967,1
0.6886909954052884,-0.5983855162503647,0.635527072582063,-0.563309247149182,0.7720785840931434,0.8262461449690532,1
0.7564128454665577,-0.5153281882376319,0.6863169195000349,-0.4928204423408832,0.727302609652944,0.870131031288355,1
0.07972902618982003,-0.09597853393979769,0.07964458388218715,-0.09583124469019388,0.9968233244954862,0.9953975952056184,1
0.20786155860548747,-0.10583489932854695,0.20636796301070895,-0.10563743337702756,0.9784744574299375,0.9944047127148554,0
0.1497830636175666,-0.15715407727930517,0.14922362853819604,-0.15650799266994123,0.9888034732371719,0.9876766921571176,0
0.08958746138809223,-0.21992692394256266,0.08946767260353276,-0.21815830776018744,0.9959897266332154,0.9759133940853622,0
0.13402908988327816,-0.2603507518864019,0.13362817159448082,-0.2574194991791257,0.9910315392339015,0.9662997472018546,1
-0.2805635283568546,-0.13409012112976768,-0.2768971866471164,-0.13368865523572315,0.9608995514760698,0.9910233818943244,1
0.4424808281783082,-0.22284282615878986,0.428182685460808,-0.22100304431301382,0.9036921975272171,0.9752731178518047,0
0.5983590469055521,-0.633188428129249,0.5632873767577385,-0.5917180965717278,0.8262610551063057,0.8061449585462477,1
0.3393706342010969,-0.423297406608809,0.3328936885894102,-0.410769056344389,0.942964364171487,0.9117394267826417,1
0.49391785936423865,0.09455013778125937,0.4740791234199509,0.09440932530950369,0.880482245554884,0.9955334646784126,0
-0.7555876773134002,0.42886320877349576,-0.6857165389595145,0.41583722900249265,0.7278686888425582,0.9094390573180418,1
0.9653888721232554,-0.38035219216908134,0.8222702845981541,-0.37124751481421203,0.569097161358999,0.9285339426990655,1
0.23354574542997397,0.18876905247541242,0.23142845637092857,0.18764995651693164,0.972851925825184,0.9822359664658965,0
-0.41180010728826244,0.23883507820639918,-0.4002595971462734,0.23657093262090156,0.9164017977351981,0.9716142206858013,1
0.09978036364409862,-0.442367165326489,0.09961487515162842,-0.4280799664627932,0.9950260683261145,0.9037408601547314,1
0.25695717061559825,-0.36353360561871334,0.2541388064784158,-0.3555791173568344,0.9671677553773835,0.9346461850880977,0
-0.19656767329159774,0.2648115368660717,-0.19530425846158414,0.26172737914206146,0.9807427015414241,0.9651418439832705,0
-0.27070642376666465,0.39113576803941885,-0.26741220074492045,0.3812386518312521,0.9635822304778967,0.9244766575473333,1
0.6195578099658743,-0.3020513395113383,0.5806752148010174,-0.29747930300031256,0.8141353050419766,0.9547282672501366,1
0.23736302447894245,-0.038010444122246564,0.23514040848452292,-0.038001291907362476,0.9719614129674756,0.9992776900408472,0
0.35236300209372734,-0.22110602935548881,0.34511658774461995,-0.21930886060747226,0.9385598227409429,0.9756554841023815,1
-0.11884213168529179,0.13744720014251954,-0.11856258563713556,0.13701483944963813,0.9929465812857391,0.9905689949572366,1
-0.4923997788144613,0.7377141156259742,-0.4727419346881318,0.6725980976925794,0.8812009210091204,0.7400079722410586,1
-0.5214242780594365,-0.014410357801468557,-0.49811564926553326,-0.014409859067977409,0.8671106042234614,0.999896172590755,1
-0.8071036650891901,-0.40705663193075364,-0.7222871208478822,-0.39590818107872056,0.6915933162323628,0.9182901023940849,0
0.5828859402785732,0.008750371206028937,0.5504356325453688,0.008750259538599784,0.834877604457312,0.9999617157461616,1
-0.6292759791485533,-0.19392478336412522,-0.5885595748121629,-0.1927115843849395,0.8084538495776528,0.9812554434212564,0
-0.23798758132403783,0.5802162042411724,-0.23574740773793984,0.5482047707544682,0.9718143648582488,0.8363441452667921,0
0.005078653841216731,0.06058737524090136,0.005078632009191373,0.060550314384261804,0.9999871036652999,0.9981651463700619,0
0.6880177189882074,-0.5998747127087178,0.6350071062759667,-0.5645390649001454,0.7725062944591605,0.8254063509579203,1
-0.8778389431954615,-0.18822234269461743,-0.7693601604162694,-0.1871129304902711,0.6388152656005116,0.982338409736351,0
-0.562986308770659,0.3047366431326248,-0.5337139909610645,0.3000419626530889,0.8456650494447626,0.9539260037588253,1
-0.01572486416785954,-0.008219939301221255,-0.015724216124465045,-0.008219846734876624,0.9998763668710603,0.9999662164891647,0
-0.4141700342786872,0.5141348393291937,-0.4024302764285075,0.4917817217627262,0.9154506390918492,0.8707185183169637,1
0.3709182772685673,-0.3030188842351667,0.36247141438992775,-0.2984029059123126,0.9319948893369348,0.9544399958840197,0
0.10595042601227489,-0.23926609600859214,0.10575231295057491,-0.23698969365927294,0.9943925021366582,0.9715121641540491,1
-0.5642319185671395,-0.1125519729387521,-0.5347669453185488,-0.11231448967921415,0.844999594197931,0.9936727104072536,1
-0.47389449419666774,0.4964040352926299,-0.45635504964811074,0.47626668977158454,0.8897977684062095,0.8793008815041738,1
0.06277744156230401,-0.659073362454893,0.06273621529558399,-0.6123845523875844,0.9980301434778341,0.7905600293444248,0
0.43857052704032806,0.39041104008977034,0.4246457122878936,0.3805685576982814,0.9053596075789484,0.9247527090479107,1
-0.07381828964976767,0.5765804428722986,-0.07375126688211131,0.5451604064293148,0.9972766670454511,0.8383317548929089,0
0.21308580445588354,0.02412338079912077,0.2114769147145594,0.024121041150541228,0.9773829927632315,0.9997090453596056,0
0.0063800217527868386,0.0593547318157907,0.006379978470086877,0.05931988699062466,0.9999796477302532,0.998239024987212,0
-0.45263063048787167,-0.7862930672871821,-0.43733276995233683,-0.7077392905667615,0.8992997544344247,0.7064737055178042,0
0.44067794476196587,0.7727244661417674,0.4265527387871509,0.6980885759144112,0.9044626918967861,0.7160114106477559,1
0.14520954191432925,0.3278544328360885,0.14469976949859234,0.32201248670524835,0.9894756069287682,0.946735421543898,1
-0.08867046225708024,0.5733638955705498,-0.0885543134015964,0.5424610571744701,0.9960713496421689,0.8400809493430714,0
0.3423626384113652,-0.57559942784513,0.3357135476817603,-0.5443377281833539,0.9419641255923319,0.8388661619568315,0
-0.16321886748410142,-0.4432126628873266,-0.16249512957276568,-0.42884392405471944,0.9867093456865249,0.9033785966035226,1
-0.01240276095329464,-0.05396337733001832,-0.012402442972764351,-0.0539371905028196,0.9999230867463293,0.9985443302531253,0
-0.04686007905851852,-0.012732532636209637,-0.046842931191071774,-0.01273218861151075,0.998902267390273,0.9999189424014133,1
0.219954225433546,0.04273512923293485,0.2181849515696088,0.04272212262177399,0.9759074376745817,0.9990869933287542,0
-0.59162915831257,0.23253324034849326,-0.5577140178940205,0.23044332039445864,0.8300331765926637,0.9730857496056434,0
0.14070952640642087,-0.14107466306313,0.14024566385772497,-0.1406071824158431,0.9901167374451894,0.9900654626099619,0
0.4283168920305371,-0.23932095574294637,0.4153403251876934,-0.23704299020187267,0.9096661004308015,0.9714991615004899,0
-0.8813467082980105,-0.07780504756141361,-0.7715962364577175,-0.07772657088290227,0.6361126062925385,0.9969747139114338,0
0.041132174500382215,-0.6834064511243375,0.041120577196951155,-0.6314381341327763,0.999154191369375,0.7754262587525123,0
-0.6783931369811047,0.5353500184789861,-0.6275427599355148,0.5101421181086248,0.7785820987233889,0.860090122796237,1
0.18978275718115856,0.6041139064537835,0.18864555715348238,0.5680330392687059,0.9820452401830846,0.8230057510729538,1
0.7750367603475157,-0.528464061798236,0.6997423372393108,-0.504207527082254,0.7143953117671382,0.8635825204539507,1
-0.6422736270510424,-0.5247287917473334,-0.5990175628394296,-0.5009783032493872,0.8007358861759037,0.865459842900504,1
0.854170250803493,-0.4611918754646684,0.7540261596609927,-0.4450157743705131,0.6568443883804558,0.8955227303432407,0
-0.955548196335321,0.13750891931996162,-0.8166302607751514,0.13707597629220533,0.5771611708927656,0.990560536627388,1
0.55258875147053,0.051612390466222804,0.5248924491474286,0.05158947900291692,0.851168559586181,0.9986683762171543,1
0.08582866992453743,0.13571423922181258,0.0857233317149413,0.1352980172130746,0.9963189802466327,0.9908049487856884,1
-0.7316075005261242,0.5564935374959953,-0.6680666411169255,0.5282120701927434,0.744101446730719,0.8491124830684662,1
-0.0771085708956557,0.05619958493871388,-0.07703218246265786,0.05617000621096471,0.9970286068438757,0.9984212189262908,0
0.7128869395348495,-0.0669432210088035,0.6540203965356218,-0.06689323237686859,0.7564769136698013,0.9977601392429817,1
-0.18073334968589413,0.42822200152266393,-0.17975102668302065,0.4152540046396527,0.9837121369620281,0.9097055081897281,1
0.9859550113707235,-0.0052467906446668966,0.8337997009146604,-0.0052467665717144275,0.5520670781296625,0.999986235625542,0
-0.13883263617751215,0.5663721129332742,-0.13838707749598803,0.5365741825775202,0.9903782190568002,0.8438531546372663,0
0.7510483699301637,0.20956948273522663,0.6824054659036202,0.20803882134632382,0.7309738573333954,0.9781205696706476,0
0.16805717443315188,0.3652150991908825,0.16726721169284214,0.35715021548296805,0.9859115984166643,0.934046960050976,1
-0.2701935991338544,-0.30372696691712514,-0.26691801689980565,-0.2990786534811093,0.9637192393297308,0.9542284627026835,0
-0.23419396451702576,-0.016138199430162283,-0.23205902889223365,-0.01613749892985801,0.9727017051026453,0.9998697820857918,1
-0.023773409866912655,-0.13208865604192216,-0.023771170573973453,-0.1317048900907975,0.9997174258006825,0.9912889699407388,0
-0.1811665738560175,-0.16007188563097535,-0.1801771776757435,-0.15938917365872446,0.9836341721619901,0.9872158281350583,1
0.15299743714086372,0.5718486662302913,0.1524012358657247,0.5411875196354551,0.9883187053307246,0.8409019375592043,1
0.06999744218512126,0.016701688944039717,0.06994029578651322,0.016700912475497497,0.997551179150872,0.9998605300353074,0
-0.196849123920793,0.09031415205833894,-0.19558028137290706,0.09019142535882353,0.9806876941912214,0.9959244483351856,1
0.20066172947605043,-0.1443846936687225,0.19931782619353192,-0.14388355314767323,0.9799348979200021,0.9895946256592144,0
0.09091463930209084,-0.053350624089229054,0.09078944898901485,-0.053325319140869486,0.9958701099803483,0.9985771929793532,1
-0.3097195148656379,-0.6375273727920854,-0.30479150903786617,-0.5952103339977344,0.9524190968362721,0.8035699461168925,0
0.027819404759502654,-0.047569651497204254,0.027815816569398254,-0.04755171285692928,0.9996130653150636,0.9988687774699798,1
-0.36155213288301713,-0.17695057804130115,-0.3537264445922238,-0.17602859111977875,0.9353489201341628,0.9843850542894207,0
-0.12711983534055052,0.018840902918916436,-0.12677774736433217,0.018839788249265643,0.9919311482019433,0.9998225154389767,0
0.531004440662415,0.6494996632536931,0.5063997245480293,0.604788020024874,0.8622988571125907,0.7963864958890204,1
-0.1677003099330322,0.13865583459147285,-0.1669153641996493,0.13821197489408518,0.9859712273662444,0.9904026706324437,1
0.33853520108254626,0.07334208340137481,0.3321057888502892,0.07327634915746185,0.9432421454812795,0.9973116747808348,1
0.19131418101865966,0.8043568786084145,0.1901492628446541,0.7203847392982168,0.9817551924179646,0.6935746732589363,0
0.18603255741296365,-0.4206982069265777,0.18496137340017832,-0.40839787864031823,0.9827457913163098,0.9128040166005449,0
0.09690284014151516,0.35357357044049686,0.09675125579328704,0.3462525254001103,0.9953085925995123,0.9381413479076839,1
0.6452294181346607,-0.12118616619863835,0.6013817506690301,-0.12088975884138735,0.7989618200904549,0.9926659388773603,1
0.02425598481145362,-0.02700166690227757,0.024253606368662785,-0.02699838591426324,0.9997058380234227,0.9996354771405547,1
0.2672168820752453,0.06602404521510624,0.2640481190782867,0.0659760872795898,0.964509507890523,0.9978212043784578,0
-0.3542248386858445,0.30512250285536524,-0.3468634335949004,0.300410021930998,0.9379156456924876,0.9538101586392427,1
-0.8815565230711683,-0.28988999373348295,-0.7717296852952333,-0.2858468105436821,0.635950700002854,0.9582753262512838,0
0.007591065337483202,0.004369004998063948,0.007590992432756415,0.0043689910986669436,0.9999711880018773,0.9999904559128451,1
0.02293782039966695,0.11290483917835827,0.02293580902132991,0.11266511623226247,0.9997369397319162,0.9936330165530787,1
-0.2658953478879143,-0.05345124281617476,-0.2627732565868881,-0.05342579443667837,0.9648576141704648,0.9985718223987746,1
0.13461638794809727,0.5444176112609964,0.13421017942074054,0.517919986110453,0.990952888759023,0.855429066601871,1
0.0932020202696007,-0.088859074894729,0.09306714382813007,-0.0887421834698771,0.9956598348530858,0.996054629462159,1
0.6040623143672929,-0.20504426779033696,0.567990577928854,-0.20361050057169475,0.8230350559873173,0.9790519720918517,1
-0.5302730567823115,-0.7581683813610274,-0.5057689176780652,-0.6875926670996501,0.8626689990435257,0.7260966355457033,0
0.12850479138298404,0.1202401195791509,0.12815140637615235,0.1199505966272991,0.9917546153377933,0.9927798619879208,1
0.6630706035362727,0.5324806278085782,0.6155397106848207,0.5076720868198092,0.7881058714221378,0.8615503770900573,1
-0.2945310934562948,-0.07215177280191372,-0.290291167391547,-0.07208918686992774,0.9569383669466142,0.9973981898602146,1
0.4688437548042675,0.40899424668474627,0.4518551113263985,0.3976867292273245,0.8920913397002619,0.9175212615500922,1
-0.35260058931675436,0.09003746406829538,-0.34533956782393505,0.08991586157613604,0.9384778009602452,0.9959493650969516,0
0.13920302747368685,0.24932615958788812,0.13875389546721859,0.2467510107901557,0.990326893754114,0.9690789125112755,0
0.4628009346784235,0.31550993924841325,0.4464561467603956,0.3103012793154145,0.8948055146342473,0.9506382677208072,0
-0.45735861435604575,0.017805463947262345,-0.44157974082061513,0.017804523137645002,0.8972220084777225,0.9998414869147214,1
0.3856680948469139,0.2990090458020973,0.3761782421428922,0.2945733670130069,0.9265473167293096,0.955628867001526,0
0.8522422865095218,-0.5242578410662777,0.7527583865433809,-0.5005706588048875,0.6582969022322723,0.8656956829877581,0
-0.3832918607033011,-0.9021904282348066,-0.3739754888025814,-0.7846866213731598,0.9274385876029044,0.6198926570285983,0
-0.0884059229381153,-0.14428045919196672,-0.08829081026963297,-0.1437804024882192,0.9960947408865944,0.9896096179101765,0
-0.18024843018209857,-0.9279793409055329,-0.17927398436643216,-0.800410286500682,0.9837991860788381,0.5994525613123161,0
-0.05524850623850108,-0.12282951333880339,-0.05522040379465306,-0.12252088960214833,0.9984741894534658,0.9924659347358469,0
-0.33714116474181743,-0.10469337641526537,-0.3307905527505336,-0.1045022290321975,0.94370419635127,0.9945246523476943,0
0.6664747981133026,-0.18769038720186496,0.6182190046366384,-0.18659034372782135,0.7860058920301324,0.9824378064933849,1
-0.7387221113519483,0.4637223585017066,-0.6733436807410381,0.4472804522366145,0.7393296204035862,0.894393759508087,0
-0.39096310620415115,0.8184115030763388,-0.3810790243129268,0.7300612014354608,0.9245424691320068,0.6833817689685696,1
0.7626382545233,0.2269317961911848,0.6908313471976262,0.2249890482056257,0.723015940162534,0.9743612924308552,1
0.2945097748063593,-0.019266764908889816,0.2902707666915273,-0.019265572934063457,0.9569445553449337,0.999814401626383,0
0.4783252247842875,-0.05315464232908669,0.460293011507203,-0.05312961520212207,0.8877670547827453,0.9985876245920908,0
0.6900736874137212,-0.31085539603650686,0.6365940116179585,-0.3058731470991544,0.7711991081245845,0.9520722755566717,0
0.12133318135244714,0.2615821154888266,0.12103569447012373,0.2586091700592251,0.9926481555234639,0.9659820377011566,0
-0.10084500353505349,0.00911187763806621,-0.10067416294174988,0.009111751550987182,0.9949194504662063,0.9999584871301773,0
-0.6355214684405297,0.07138405580274983,-0.5935972531676791,0.07132344615555467,0.8047622636728106,0.9974532400210526,0
-0.1929474789705974,0.03151339096149724,-0.19175250724985854,0.03150817526157251,0.9814433126591637,0.9995034941868317,1
0.35824853170194315,0.38230607018611257,0.3506345001709046,0.3730610470742388,0.936512385016824,0.9278067983992533,0
0.0971647941244953,-0.13973016071504818,0.09701197752090081,-0.13927591039082013,0.9952832140740063,0.9902536143760386,0
0.22178582771411415,-0.22284597208743012,0.21997205887892451,-0.22100611245155372,0.9755061728726102,0.9752724225871718,1
0.7398929985277687,0.0045957146607056715,0.6742088905452479,0.004595698483352754,0.7385407043012227,0.9999894397219653,0
-0.4457676743069871,0.37771207935612944,-0.4311506644103482,0.36879478946950234,0.9022799480086628,0.9295108408513294,0
0.8483435063517908,0.14623108028218162,0.7501861170055228,0.14571048111928625,0.6612267310478124,0.9893272743091571,1
-0.3884751267725577,0.017425155648060547,-0.3787776045922824,0.017424273843877958,0.9254877234514419,0.9998481858167336,0
-0.8970588863220665,0.2718215153652711,-0.7814952987381383,0.26848651671795704,0.6239111299297265,0.9632834423681631,1
-0.007372813530243053,0.02851269243514622,-0.007372746734725471,0.02850882924767183,0.999972820933442,0.9995935407228915,0
0.5058875750366444,0.1219188761277811,0.48458403266899386,0.12161706251537588,0.874744714349424,0.992577095295439,0
-0.8126093284393918,0.4051819081078144,-0.726083834510988,0.3941859460286638,0.6876061847175461,0.9190307067522213,1
-0.33191425220279863,0.7561634787517232,-0.32585339722368745,0.6861355331005721,0.9454203105062752,0.7274737316335166,0
0.3641236911805175,0.35090938514788667,0.35613057663754855,0.34375191714606745,0.9344362002746935,0.9390604982951861,0
0.4794425389983584,0.3856417099715002,0.46128463873710396,0.3761537951764378,0.8872522088251905,0.9265572418228474,1
0.9197465543588902,-0.10461529047791265,0.7954480520073993,-0.10442457032398081,0.6060217789466265,0.9945328094701813,1
0.9037395315078617,-0.35227917888624766,0.7856459572187651,-0.34503791343750684,0.6186763531167249,0.9385887482229326,0
-0.8371443518663136,0.31471411902558166,-0.7427340474101368,0.30954464397569836,0.6695865402005604,0.9508849106942218,1
0.22313601580931292,-0.0250536754766749,0.22128897479477505,-0.02505105458263915,0.9752082801300845,0.9996861730884836,0
-0.47694716700489126,0.49172869666156704,-0.4590691805401834,0.4721504700713571,0.8884005219934106,0.8815179712356388,1
0.027392028351808415,0.09986191299969396,0.027388603001177066,0.09969601855497677,0.9996248618485056,0.9950179414886375,0
-0.6236828359758293,0.6509843060405412,-0.5840285942546671,0.60596970253126,0.8117330848825354,0.7954877243642269,1
-0.020128931893661897,0.05695043833031933,-0.020127572634895386,0.056919658265219754,0.9997974198905631,0.9983787620452323,0
-0.8039095523556904,-0.19245262079688094,-0.7200744130742188,-0.19126680854575348,0.6938968508617251,0.981538082780654,1
-0.03348590113239823,0.052706843568213146,-0.03347964349530939,0.05268244358927642,0.9994393995993088,0.9986113158468928,0
-0.3670403288171146,-0.5535213900182325,-0.358854469803905,-0.5256860533620527,0.9333935233875144,0.8506786545462565,0
-0.4891547007954853,0.30309532019285446,-0.4698798848581548,0.2984758585756796,0.8827303630246822,0.954417184384015,0
0.09926889813800202,0.005846425818168769,0.09910594063272725,0.00584639251240955,0.9950768877485309,0.9999829097012563,1
0.13474314640324858,0.03252942684730678,0.13433578999948612,0.032523690241532406,0.9909358685228898,0.9994709648474401,1
-0.362138378130967,-0.23562382680274932,-0.35427472763545015,-0.23344962067867625,0.9351413889668383,0.9723688984150933,0
-0.5127149010938726,0.6589836491687234,-0.4905448598907139,0.6123136261851523,0.8714159399705745,0.7906149651935446,0
-0.2398482150725825,0.5131014070592238,-0.23755518922551444,0.4908816307009508,0.9713740433386255,0.8712262763716297,0
-0.250930277951527,-0.366813755194643,-0.2483052099335959,-0.35864297824292307,0.9686818480387835,0.9334748063858211,0
0.755998286802052,-0.04418539012162283,0.686015350935292,-0.044171013976895,0.7275870657736627,0.9990239844589583,0
0.9478886947476314,-0.25445428870522385,0.8121855821959635,-0.2517173063111467,0.5833991601579521,0.967800804764834,0
-0.16709957970148612,-0.33219890216992837,-0.16632303139361926,-0.3261224978791286,0.9860713205585269,0.9453275180470935,0
0.100348821417431,0.03941789510756936,0.10018048932938727,0.0394076881737624,0.9949692807105778,0.9992232153592107,1
-0.30113680446128704,-0.8851108593056041,-0.2966060462563267,-0.7739851884086946,0.954999923206379,0.6332037019190251,0
-0.2766020296413121,0.19765394792890215,-0.2730884215283472,0.196369498945694,0.9619889365409333,0.9805299688861209,0
-0.730285398554066,-0.5586996534666222,-0.6670822795387229,-0.5300840238932735,0.7449840483697763,0.8479451206376009,0
0.3609700054388164,0.7207293107921796,0.3531818924126064,0.6599327965933078,0.9355546755117256,0.7513246328855029,0
-0.5199325972282844,0.009220865649434399,-0.4968216432970264,0.00922073498361803,0.8678526688048164,0.999957488119551,1
-0.1346534718099395,-0.008762331242359978,-0.13424692768846722,-0.008762219116423643,0.9909479110458871,0.999961611021221,0
0.5191750961595688,-0.20265730690798184,0.4961641014957117,-0.20127296398817537,0.8682287627042501,0.9795351928171926,0
-0.14033059541701423,-0.014962947215361058,-0.13987046788290974,-0.01496238887976131,0.990169809787299,0.9998880571939095,0
0.1132326357036314,0.3269931870550835,0.11299081962368732,0.3211969954930601,0.9935960319369072,0.9470124022874417,1
0.4029783677724886,-0.16370212038099285,0.39215986943350817,-0.16297194072988264,0.9198970794637267,0.9866307042327112,1
0.3214474034160718,0.7513403209392782,0.3159401572184407,0.682618845373325,0.9487791192141546,0.7307745972194085,1
-0.45028271388012486,0.7723888926867669,-0.4352200856192173,0.6978482621903124,0.9003240955753662,0.7162456303238164,1
0.5727791055601884,0.5069998810665066,0.5419696935001612,0.48555671651908433,0.8403980314870694,0.8742051675912271,0
0.16086840593202179,-0.49960984205094194,0.1601754604624037,-0.4790831063105631,0.9870885582690425,0.8777695467762718,1
0.7381147099973443,-0.2100872038719703,0.6728944867452243,-0.20854518713604384,0.7397384738594317,0.9780127324950286,0
0.6770181582607568,-0.3054232261587243,0.6264716332494852,-0.3006968412846424,0.7794442204120334,0.9537197752177725,0
0.7606768939901318,0.310008494117637,0.6894119243856924,0.30506672566581067,0.7243695179359884,0.9523309786474139,1
0.15356443327650982,0.04630683553417922,0.1529615842250829,0.046290287839577456,0.9882321355589246,0.998928030066095,1
-0.09890573549632327,0.09660506325205474,-0.09874455935404478,0.09645487161139064,0.995112813704042,0.9953373587595464,1
0.49511576607396235,-0.05284353200707061,0.4751335186103349,-0.05281894171848762,0.8799137113904764,0.998604105437054,0
0.6585442336380618,0.5844611240311882,0.6119661585872566,0.5517500347681341,0.7908839489735247,0.8340095318000645,1
0.6775274600173536,0.2748832496784235,0.6268685242932509,0.27143457165437274,0.7791250562332095,0.9624568942611441,0
-0.3518633766227517,0.3057362485842704,-0.3446476162956849,0.30099536222550205,0.9387321346271802,0.9536256036405162,1
-0.6587051426147879,-0.076429464241271,-0.612093410991224,-0.07635507599010673,0.7907854678869158,0.997080689999834,0
-0.13287198161705852,-0.7387081571641412,-0.132481351606903,-0.6733333639311074,0.9911854980155874,0.7393390162957848,0
-0.7876102969549663,0.40302944581939076,-0.7086692644250607,0.39220685546809175,0.7055408376977504,0.9198770475035408,0
-0.33525481502981197,0.4610799074223866,-0.3290098091388966,0.4449155016542409,0.9443265036471161,0.8955725522746637,0
-0.6922383609425264,0.5025320058681468,-0.6382619131298264,0.4816460436158,0.7698192841491138,0.8763658417973894,0
0.04590827671508618,0.1437732488488128,0.04589215259750988,0.14327844378121182,0.998946400128639,0.9896824175196981,1
-0.688135775577139,-0.5896708761049929,-0.6350983013086461,-0.556087510351677,0.772431322303072,0.8311237457989474,0
0.17463240474682368,0.5397306440391626,0.17374614503707844,0.5139049440589594,0.9847904736971994,0.8578471358416707,0
-0.36504589522707076,0.13688611446023752,-0.3569921659230932,0.1364590238311078,0.9341073779119501,0.990645716093832,0
-0.35215403856096994,0.3083124271217968,-0.34492045543489447,0.303451070514247,0.9386319190303433,0.9528470222463612,1
-0.06181545571494317,-0.002635638435829389,-0.06177609554182885,-0.0026356353843805308,0.9980900330228766,0.9999965267070284,0
-0.12500428912112413,0.1602149369422564,-0.12467898904005471,0.15953039454613058,0.9921971324751699,0.9871930172038069,1
-0.03815525526741997,-0.21227389998834087,-0.03814599805504914,-0.2106833034818072,0.9992721765527068,0.9775543696562318,0
-0.05351478038346876,-0.032751354733764684,-0.053489241153158666,-0.03274549991758809,0.9985684258381392,0.9994637223206989,1
0.6381078148339903,-0.2751126404572069,0.5956766594848449,-0.2716553432474954,0.8032243256681013,0.9623946043516066,1
-0.03484127619637926,0.06901251755980806,-0.034834227568995464,0.06895774930029283,0.9993931041335393,0.9976195812089085,0
-0.3218127384592346,0.6058760124819659,-0.3162867583869824,0.5694823800373261,0.9486636318891194,0.8220035394248754,1
0.49705221918336145,0.01812841697403784,0.47683653834827056,0.01812742403803286,0.8789919884140232,0.9998356847491219,0
-0.07781138144994874,0.04745676553576221,-0.07773288560805337,0.04743895429188817,0.9969742215799992,0.9988741390263801,0
-0.4172490374555515,-0.5859691493508145,-0.4052470398304737,-0.553007114403804,0.9142072175981977,0.8331765307657063,0
-0.030575464943816986,-0.032164286958035415,-0.030570701208108453,-0.03215874136406236,0.9995326068856606,0.9994827739155284,1
-0.7976548318042105,-0.42835909648684706,-0.7157202253190702,-0.4153787167809689,0.6983871126167918,0.9096485704080426,0
0.21938490838637414,0.49369823220795434,0.217629315499633,0.4738857341758944,0.976031495923754,0.880586344968268,0
-0.0501553038867739,-0.14454491293968366,-0.050134278464679376,-0.14404210342970422,0.9987424863911748,0.9895715600397711,0
-0.7953226932067358,-0.150509094782454,-0.7140895449002653,-0.14994149128317363,0.700054370648546,0.9886948716321826,1
-0.0209893239462329,0.5936721549982106,-0.02098778283305358,0.5594086078402709,0.9997797322269304,0.8288920372848384,1
0.3663645487665022,0.04624425870875619,0.35822361918884954,0.04622777800403752,0.9336358169303715,0.9989309248095233,1
-0.2947361938521677,-0.6125479454848607,-0.29048742972233854,-0.5749540167727762,0.9568788079863141,0.8181857237796625,1
0.48002399960782965,0.3092411564589764,0.4618004629387864,0.30433587650137817,0.8869838400047222,0.9525647874418506,0
-0.9223368657898399,-0.031067284996540497,-0.7970151667806432,-0.031062287670380634,0.6039592899539037,0.9995174507154353,0
0.1962186104812179,0.259687992051245,0.19496190576646816,0.25677901802901,0.9808108152441565,0.9664701422703431,0
0.16569413287083257,-0.16347870251038282,0.1649369967702715,-0.16275150573328173,0.9863041047751974,0.9866670904522709,0
-0.7181486519454383,-0.49484376974821065,-0.6579916886757776,-0.47489416774114507,0.7530251905704075,0.8800429134112979,0
-0.24185831007908984,-0.16159225397856536,-0.23950726210604018,-0.16088992056223314,0.9708945727515776,0.9869723569895351,1
-0.3130819941612882,0.00021689899688381864,-0.30799226947159436,0.00021689899518314345,0.9513888594816196,0.9999999764774127,1
-0.32758020625783607,0.25988525134869994,-0.3217528545856376,0.2569696582532553,0.946823690327821,0.966419471418703,1
-0.024117278190061386,-0.06206365306118246,-0.024114940316615152,-0.06202381693402652,0.9997091925422743,0.9980746696179271,1
0.07661459419195948,-0.07369320417740717,0.0765396641795619,-0.07362652148249513,0.9970665373019395,0.9972858844555996,1
-0.5578371070863379,-0.6995309734980408,-0.5293524348018762,-0.6438588851358014,0.8484020272072229,0.765144258314524,0
0.05051178005322074,-0.17747300756648435,0.05049030316454216,-0.17654283889092426,0.9987245512584301,0.9842929574249392,0
-0.2860827087671118,-0.33405336239911493,-0.28219632038252623,-0.32787500838891087,0.9593566785938182,0.9447211116906257,0
-0.6020653780155014,-0.1289604246729424,-0.5663458978959003,-0.12860326947651066,0.8241676552355633,0.9916961223479458,0
-0.10519221919686406,0.18032061878568031,-0.10499832745318496,0.17934500298870257,0.9944723984264389,0.9837862419768749,1
-0.6037655600452582,-0.5590754518985368,-0.5677463137128752,-0.5304026429020434,0.8232035734041985,0.8477458560220318,1
-0.1823001839536339,0.5597089851909126,-0.18129211929654795,0.5309396116470055,0.9834292895175363,0.847409658184356,0
0.204554640529127,-0.06580831552177616,0.2031311056489044,-0.06576082608360018,0.9791515479831779,0.9978354141604729,0
0.10524157063034642,0.12300041343456393,0.10504740596372096,0.12269050033538394,0.9944672153974173,0.9924449814107849,1
-0.179757746703937,0.8019910591232122,-0.17879122879744289,0.7187418523200325,0.9838870344227026,0.6952770309190205,1
0.21197660437357524,-0.9369130796438174,0.21039267154820615,-0.8057336269975767,0.9776169616771226,0.5922780785453148,0
-0.26924513679189466,-0.8922608051233699,-0.2660038455729687,-0.7784927383498376,0.9639719675075579,0.6276536117450223,0
-0.6503087664903037,0.06125750891978874,-0.6054321808843485,0.06121920481992952,0.7958968993215274,0.9981243454405947,0
0.03994915615764318,-0.4550853413787323,0.03993853096226192,-0.43953897104003126,0.9992021385808662,0.8982235205877602,0
-0.08899957674019114,-0.13591245160706195,-0.08888213010711775,-0.13549440436619997,0.9960421511902101,0.9907781115797062,0
-0.09219908599639631,-0.20556291801571672,-0.09206851581565817,-0.2041182586894993,0.9957526743099925,0.9789462377830391,1
0.49292951583045486,0.6928764193476655,0.47320867308195735,0.6387529728370661,0.8809503684771425,0.7694118790945524,1
-0.04578422947799689,-0.18726691391428554,-0.04576823570380369,-0.18617429084190995,0.9989520852376059,0.9825167344272117,0
0.011805157408589876,0.1471768083591679,0.011804883212618095,0.146646050398618,0.9999303199385128,0.9891890294086798,1
-0.7931196959433882,-0.24260727844431865,-0.7125455954770825,-0.24023436418278998,0.7016258079391107,0.9707149170923925,1
-0.34926061433800676,-0.6118859575964268,-0.34220315507399385,-0.5744122617922445,0.9396259897732736,0.8185661570714476,1
-0.3806237721207115,-0.03851099681757973,-0.37149967232355285,-0.038501478266942564,0.9284330850758674,0.9992585432065418,0
-0.24178705694391878,0.6208638676416673,-0.23943808221587928,0.5817380269090606,0.9709116359302642,0.8133762155656834,1
0.5228709728117592,-0.4587960340587919,0.4993695719293376,-0.44286896877869875,0.8663890757801082,0.8965863463676501,0
0.32885137711424695,-0.5018036355891521,0.32295616898658636,-0.48100759707733926,0.9464139226118282,0.8767164259633123,1
-0.0017728022125950323,-0.014470432820462419,-0.0017728012839931992,-0.014469927823498908,0.9999984285865691,0.9998953051138818,1
0.24839913247889936,0.2738835717299223,0.24585254246983773,0.2704722892511788,0.9693072409515554,0.9627277604531962,1
0.23495022919671418,0.13506206540070909,0.23279458240407017,0.1346518114362646,0.972525928910543,0.9908929758944367,0
-0.6655900322832385,0.6677532553521159,-0.6175233315977018,0.6192233740604602,0.7865525633627258,0.7852148833390636,1
-0.15079651929706958,-0.0467500563309599,-0.15022566022929565,-0.046733028955753875,0.9886517339329721,0.9989074151314629,0
0.7441285456426788,-0.22758731255853643,0.6773309575442881,-0.22562770959569817,0.7356784446700458,0.9742135990954958,0
0.32854317872078076,-0.8871296359476918,0.32266447040250346,-0.7752619072115721,0.9465134122345399,0.6316399094631971,0
0.5261330739495901,-0.3883037674559157,0.5021931587374376,-0.3786190080879917,0.8647554748698124,0.9255526169345886,1
-0.141981854827647,-0.10311401987565672,-0.14150530366702233,-0.10293139033826472,0.9899374975391647,0.9946884582033874,0
0.36314137252909345,-0.3464316982360421,0.35521249085300216,-0.3395436662420605,0.9347855830841669,0.9405902926965067,0
-0.008374135375082793,0.15849976015480632,-0.008374037501123109,0.1578369501727743,0.9999649371332626,0.9874651878219086,1
0.07106257392301882,-0.27571531977791,0.07100277933287195,-0.2722353092031355,0.9974761176725022,0.9622307085221679,1
0.24509684299330348,0.7447409540582621,0.2426502746534758,0.6777813661723308,0.9701138305428867,0.7352635035615251,1
0.011333206229343275,0.017501135038309672,0.011332963621780184,0.0175002416490109,0.9999357799056634,0.9998468590450371,0
0.3098791258712333,0.15201418791782953,0.3049435217246306,0.15142939875402434,0.9523704366254655,0.9884680759604706,1
0.49826044331001623,-0.08093085323629365,0.4778982093731505,-0.08084253530687956,0.8784152215654829,0.9967268856036522,0
-0.6292807918202219,0.6832612643815681,-0.5885634656282841,0.6313255458653034,0.8084510170242992,0.7755179270254665,1
-0.31323104194014617,0.1133846318092137,-0.30813406844634417,0.11314184104527918,0.9513429433504532,0.9935788462949907,0
-0.03476420762226585,0.07265214054354666,-0.03475720566410728,0.07258824370446372,0.9993957857898056,0.9973619938998585,0
-0.37968725379779283,-0.09434234917085117,-0.37063001493991654,-0.09420246275763834,0.9287805941263185,0.9955530603691577,0
-0.10585421769619761,0.21761723843143516,-0.10565664363314824,0.21590367483930914,0.9944026717865243,0.976414667644276,1
0.40393732394735005,-0.41816818744272655,0.3930418299683994,-0.4060871620807124,0.9195205924257986,0.913834348661306,1
-0.3770907848093465,-0.08287787639266866,-0.3682172183113919,-0.08278303117469504,0.929739791629368,0.9965675941698734,0
0.1983601096763745,-0.4275321433219671,0.1970618626831862,-0.41462633807379895,0.9803910557914292,0.9099917580810893,1
-0.4070351769448209,0.4133595422816715,-0.3958884790863715,0.4016881789154239,0.918298596387188,0.915776504896042,0
0.1168550029328875,0.21233030115007986,0.11658924015157435,0.21073843834878822,0.993180219839722,0.977542485318318,0
0.05738031077085553,0.27747655432321067,0.057348828507921015,0.27392960006172384,0.9983542016082113,0.9617497461450271,0
0.42198906949889764,-0.20931085085561324,0.4095758425919799,-0.20778584122981658,0.9122760706962941,0.9781743424279833,0
0.39465384541520365,0.49974811362637894,0.38448866626768513,0.47920447230847796,0.9231297121811738,0.8777032948095577,1
0.8982908797639628,-0.2955620730493294,0.7822633598843218,-0.2912775968669108,0.6229478596018225,0.9566385741561112,0
0.04382703810161952,0.11098699599081163,0.04381300888555839,0.11075927789075049,0.9990397490852874,0.9938472630948477,1
-0.044732505785190786,0.004445889961223569,-0.04471758900882681,0.004445875315040824,0.9989996682848487,0.9999901170475052,1
0.3692386374499032,-0.3796887851925649,0.36090548809883155,-0.37063143726922815,0.9326023958044201,0.9287800265443622,0
0.2810772124151314,0.18361844325939053,0.27739074887399606,0.1825883762081332,0.960757187034853,0.9831894450581115,1
0.014650150398328749,0.04658473033886661,0.014649626351208747,0.04656788295842069,0.9998926884660023,0.9989151276643932,0
0.4241092447942162,-0.6745119726715875,0.4115091057798035,-0.6245162359990838,0.9114056483587901,0.7810118251176077,1
0.41513746307154653,0.39039797110326196,0.4033157212761102,0.3805564720851034,0.915060888122496,0.9247576826142835,1
-0.03173309626620056,0.3405273254904476,-0.031727770719091754,0.33398418431740673,0.9994965475504138,0.9425786782151591,1
-0.28023218856893634,-0.15208598795247438,-0.2765787871996205,-0.1515003704057348,0.9609912457828047,0.9884572007765057,1
0.03792598889364283,-0.06366298649098363,0.03791689754618616,-0.06361999111374984,0.9992808958848718,0.9979741964252815,1
0.1565519873592217,-0.6456073736575312,0.1559132941571881,-0.601683679740502,0.9877707450137679,0.7987344674758495,0
-0.06218607932726054,0.41190831778114684,-0.06214600702397732,0.4003587590928709,0.9980670687939642,0.9163584800816854,1
0.10152073143418854,-0.030305603482348446,0.10134643473633648,-0.030300964768143913,0.9948511949865837,0.9995408203440816,1
-0.09340859486167194,0.8365955405489455,-0.09327281986516374,0.742366458903899,0.9956405883020242,0.6699940601934361,0
-0.8298968164839339,0.10450849091157557,-0.7378617311279365,0.10431835405588229,0.6749518988319722,0.9945439562970918,0
-0.4957730251476336,0.4802330140746919,-0.4757117472132158,0.4619858453045212,0.8796012355399175,0.8868872976530147,1
0.7382036745935343,-0.6052631473351137,0.6729602946168719,-0.5689784957991223,0.739678607145815,0.8223524009317222,0
-0.015270302907465937,-0.020588562528110532,-0.01526970945403901,-0.020587108015060772,0.9998834111901194,0.9997880630331492,1
-0.2823950661129666,0.0428876125805379,-0.27865664504161664,0.04287446625380336,0.9603907924247038,0.999080467301534,1
0.03802065344558813,-0.07196790984636489,0.0380114938544275,-0.07190580107340562,0.9992773020212932,0.9974114275322856,1
0.5876393122736394,-0.29674665719676313,0.554397883015658,-0.2924106111255444,0.8322517571671187,0.9562928602165686,0
-0.08890130513565828,-0.13463338124115126,-0.08878424701771441,-0.13422701895420303,0.9960508809701929,0.9909506079430337,0
-0.4983129309249404,0.4641201222330988,-0.4779443146347296,0.44763617424289076,0.878390136618313,0.8942157768174236,1
0.23787129931264686,-0.11801495250608396,0.23563440161532012,-0.1177412004309309,0.971841771470742,0.9930443140772135,0
-0.0957606151766607,0.19770738694230017,-0.09561432660368877,0.19642189721942457,0.9954184549967532,0.9805194736937772,1
-0.6700594295857161,0.16825979297846289,-0.6210325681367882,0.16746697223183468,0.7837847595567456,0.9858776867398419,1
-0.19887172108325357,-0.643847724734882,-0.19756341611855083,-0.6002772567049428,0.9802901083921883,0.7997919823821619,1
-0.3883161439857993,0.0823011686761886,-0.37863046318861554,0.08220828921852373,0.9255479308742333,0.9966151700550036,1
-0.8665793631864701,-0.22807398763121278,-0.762118752292181,-0.22610180833086668,0.6474372613656163,0.9741036763453427,0
-0.41236071807934366,-0.6349277166953067,-0.40077327895845577,-0.593119319563488,0.9161772638921399,0.8051145712012329,1
0.15169430971823936,0.5187896390661467,0.15111320162364178,0.4958293997093728,0.9885164643520373,0.8684199481724513,0
-0.028352018305009517,-0.01528776762803647,-0.028348220057722487,-0.015287172136088913,0.9995981084513711,0.9998831443564201,1
-0.045944411364819235,-0.9249453851713163,-0.04592824914581178,-0.7985878929146168,0.9989447411796111,0.6018782080206863,0
0.2232909023233582,-0.6631656269557447,0.22144001875080588,-0.6156145964205239,0.9751739937547774,0.7880473771760144,0
0.2625673730947557,-0.651525472412124,0.2595607855349207,-0.6064001049832235,0.9657267722355506,0.7951596774713463,0
0.22981975708348673,-0.24379182234152325,0.227802023362181,-0.24138404980314232,0.973707470522896,0.9704296679825046,1
-0.6236848011351956,-0.69368165937362,-0.5840301894384141,-0.6393723269242276,0.8117319371717058,0.76889728024197,0
-0.5038035001282142,0.38686767664393246,-0.48275994811515655,0.3772894405119982,0.8757527233733569,0.9260953936167393,1
-0.042671601611559036,0.1767758055426005,-0.0426586529153749,0.1758565449965987,0.9990897053475456,0.9844158042117463,1
-0.28982736708571616,-0.09318072301126568,-0.2857867964118411,-0.09304593898230862,0.9582932259995668,0.9956618167022879,1
0.2824714035928985,-0.0720539485582991,0.2787299580424656,-0.07199161680164598,0.9603695176803798,0.9974052371580395,0
-0.6239438519205075,0.6035178576057313,-0.584240449635502,0.567542386764138,0.8115806164576052,0.8233441802952551,1
0.341186905528976,0.15143711290747477,0.33460581770401127,0.150858953346341,0.9423581838975189,0.9885552974898504,1
0.019773846329127515,-0.07372587670138533,0.01977255774219377,-0.07365910529016437,0.9998045038707976,0.9972834783590133,1
0.3566191594220316,0.10237231395370025,0.3491081080845456,0.10219359577325589,0.9370824557474274,0.9947645294153448,1
0.3561142865718308,-0.18111239264406903,0.3486349561211051,-0.18012388291974352,0.9372585915159354,0.9836439329360571,1
-0.01714904418414006,0.07251309231775371,-0.01714820363690978,0.07244956158746013,0.9998529587454482,0.9973720775246241,0
0.3799385610759267,-0.5759499792875497,0.3708634125569194,-0.5446317604745741,0.928687422778319,0.8386752920423769,0
0.6765535602922337,0.49702426550818307,0.626109437448784,0.4768119671054433,0.7797351937276957,0.879005317404302,1
-0.9957288604084076,0.08122145115060608,-0.8391556099426262,0.08113217864343772,0.5438914067181233,0.9967033508464639,1
-0.29786274319998746,-0.4114301696137481,-0.29347773385991177,-0.3999205582154913,0.9559659092919846,0.9165498061298196,1
0.23308453045898936,-0.8873166486332111,0.2309797378994511,-0.7753800183297275,0.972958560618026,0.6314949146073874,0
0.26402548749919424,-0.6400405391388926,0.2609686492275606,-0.5972279571429951,0.9653472764349328,0.802071547436265,0
0.39577558930800844,-0.4585559564095078,0.385523939264606,-0.4426537056754696,0.922697833667068,0.8966926434691961,1
-0.6075103990305029,-0.5678635176164175,-0.5708250903608755,-0.5378321119100493,0.8210716876220361,0.8430519671991615,1
0.007198069292320194,-0.02451585188419266,0.007198007134511746,-0.024513396176532202,0.9999740940110856,0.9996995015542882,1
-0.301564086698979,-0.23045994989663957,-0.29701407367239463,-0.2284253371623747,0.9548731015378584,0.9735614337792226,0
0.1344439807188524,-0.43024724990238966,0.13403932998507515,-0.4170955313776235,0.9909760128364118,0.9088626506270449,0
-0.18746753499822527,-0.3821217674119719,-0.1863714006661897,-0.37289004337241743,0.9824793641668625,0.9278755388271192,0
-0.8335670152675542,-0.40817353648845234,-0.7403339635788883,-0.3969335763232201,0.6722392597666201,0.9178473380618688,0
-0.4832612127602716,-0.016675272301746057,-0.4646693939483949,-0.016674499511707803,0.8854842484921069,0.9998609708684674,1
0.24581375171438666,0.4987608123786689,0.24334569530342443,0.4783376813356186,0.9699396231607887,0.8781759861294683,0
0.25739178989574335,0.11123344454461798,0.2545591322161668,0.11100420674537821,0.9670572104096801,0.9938199364496716,0
-0.43306414136723526,0.18520630271475455,-0.41965404063523937,0.18414931202908172,0.9076841334839543,0.9828982810439827,1
0.3713739462351801,-0.641624094333435,0.3628960578926122,-0.5984973323591881,0.9318296256108205,0.801124798741704,0
0.6530506246085526,0.02379965013596084,0.607612138771436,0.02379740342001177,0.7942339005718663,0.9997168016945925,1
0.13554684612435053,0.06580671858220279,0.1351321614089356,0.06575923260065575,0.9908275828583646,0.9978355191752661,1
-0.8096538993844112,-0.2414849242756545,-0.7240484951632151,-0.23914472716867904,0.6897490678876512,0.9709839336814066,1
-0.11167918499321372,-0.0036440588990069613,-0.1114471814475955,-0.0036440508340022603,0.9937703586580688,0.9999933604247176,0
0.38490491769037855,-0.023616597927078146,0.37547101291445334,-0.023614402653523416,0.9268341375138242,0.9997211411125191,1
0.6764844848160089,-0.5721421524508312,0.6260555753752748,-0.5414342894560447,0.7797784406749995,0.8407430702665518,1
0.5223660210173913,-0.7651375925517746,0.49893202356578786,-0.692636248846998,0.8666411228764466,0.7212870626755753,0
0.41276403987482635,0.5277691793977219,0.40114276061090337,0.5036073171044829,0.916015548781495,0.8639326768671415,1
0.7883234214643848,-0.5451753242858356,0.7091722226505209,-0.518568007117579,0.7050352889188738,0.8550363863568045,0
0.4632605563966287,0.24287583684464578,0.44686737163660717,0.24049504916167902,0.8946002191854138,0.9706503651308857,0
-0.5945348522307884,-0.23070223714658647,-0.5601234824493021,-0.22866121197787262,0.8284091286368508,0.9735060606574621,0
0.31967835514827214,0.0447157852935095,0.31426122766427206,0.04470088523693347,0.9493365476936746,0.9990004158452761,1
0.5039268289722781,0.6783169998138621,0.48286795001455196,0.6274834790812182,0.8756931784870453,0.7786298757947389,1
-0.6317291989921067,0.5459695255609002,-0.590541116789677,0.5192469144896167,0.8070075522452074,0.8546242693681315,0
-0.29480518500848135,0.7762801805725008,-0.2905534452063731,0.7006300896561046,0.9568587646453928,0.7135246859559092,1
-0.5085119677298959,-0.5728231819666448,-0.48687803490053355,-0.54200673469892,0.8734699646418271,0.8403741425942463,1
0.3311435398173368,0.25853701064122764,0.3251246533749888,0.25566645902249086,0.9456711689418227,0.9667650499117668,1
0.10547689177129956,0.05916842991757958,0.1052814222127743,0.05913391213702784,0.9944424679873922,0.9982500590710578,1
0.049178165348099365,0.3778128178612405,0.04915834491221894,0.36888842513062564,0.9987909977194885,0.9294736842991559,1
0.36011912475456404,-0.12205168439896022,0.35238571925473394,-0.12174888389048343,0.9358548524559371,0.9925609347901123,1
-0.36658761311413207,-0.1957999511007212,-0.35843187113935765,-0.19455126304412929,0.9335558867853273,0.9808923519163222,0
-0.6348537944584536,0.23300942240757905,-0.5930598020729665,0.23090666022642511,0.8051584137082428,0.9729759063117022,1
0.28048111357529576,0.4646573714096412,0.27681799338020113,0.44811652630741866,0.9609223686338866,0.8939751556112577,0
-0.7988312979510188,-0.3625268092517871,-0.7165413586205812,-0.3546379389178965,0.6975446088861784,0.9350037070942908,1
-0.17600923045468173,0.2510931584325523,-0.17510186476890857,0.24846298600449232,0.9845503222052445,0.9686413911173378,0
-0.1657703068569488,-0.21118292977928693,-0.16501212700686085,-0.2096166956190326,0.9862915380052044,0.9777836370679138,1
0.34880618400696944,0.7266368636684414,0.341776125205446,0.6643597452491878,0.9397814002413281,0.7474129574020203,1
0.11388339522506874,-0.43210617575471033,0.11363738773117057,-0.4187843180234754,0.9935222917024236,0.9080857310725748,0
0.24344886442468675,0.3224751792161323,0.24105121907648716,0.3169151223976682,0.9705123954807272,0.9484539025148618,1
-0.6401640699623722,-0.1217555054644894,-0.5973270331446787,-0.12145490291469256,0.8019977652553503,0.9925969507095932,0
-0.0135336373025418,-0.03675965976513368,-0.013533224170982317,-0.036751381604370546,0.999908421728479,0.9993244397842824,1
-0.3753048955260231,0.22823403973110876,-0.3665562196679216,0.22625771277312828,0.9303959038080307,0.974067475799635,1
-0.13011223895591031,0.27136538525584053,-0.12974543367459374,0.2680471062212757,0.9915473374683589,0.9634058069403568,0
-0.8773878861997579,0.1523105405072985,-0.7690719400674392,0.15172232717402218,0.6391622258870632,0.9884231560606515,0
-0.00261186780362024,0.01943885855447012,-0.0026118648339913666,0.019437634353206976,0.9999965890752273,0.9998110713383559,0
0.014054403173019772,0.8297113639513499,0.014053940492000316,0.7377365469011361,0.9999012385014069,0.6750887255512328,1
-0.39021620568928,-0.3641454424728495,-0.3803883768364766,-0.3561509017482587,0.9248268393422148,0.9344284537533637,1
-0.4795607625346418,-0.31266884232949377,-0.46138952960691954,-0.30759917514645013,0.8871976679236175,0.9515160258499189,1
0.1522192354102086,-0.6863753176178629,0.15163207846949178,-0.6337374849897491,0.9884370049623911,0.7735481886210241,0
-0.19158747880136318,0.27020639021342463,-0.1904175672572758,0.2669303438874435,0.9817031883822221,0.9637158250813002,0
-0.8040922966567544,0.23919010259680248,-0.7202012067449192,0.23691586445108723,0.6937652497806172,0.9715301710041712,0
-0.24672676720817008,-0.6154595382651488,-0.24423116365822065,-0.5773338000052676,0.9697170405320056,0.8165082261505255,0
0.21332375862042127,0.05393433400541051,0.21170948107869858,0.05390818943295645,0.9773326432803665,0.9985458963473138,0
0.9384436835921659,-0.15720737029514312,0.806639225993734,-0.15656062871726148,0.5910441261769122,0.9876683499716167,0
-0.9382386990662707,0.16155830853956113,-0.806518054147647,0.16085641725960037,0.5912094623176233,0.9869778178998783,1
-0.49815655120814417,0.26125487273477305,-0.4778069463905162,0.25829304559553745,0.8784648666742286,0.966066613954225,0
-0.2189238116971122,-0.47789112029837166,-0.21717924748909345,-0.4599075844880276,0.9761317403199586,0.8879667863892139,1
-0.0316883313180136,-0.6688205753517135,-0.031683028276152915,-0.6200610967493855,0.9994979668409799,0.7845535267258373,0
0.40506244608109204,-0.12791872684285643,0.3940761539453278,-0.1275701521886812,0.9190777904463029,0.9918295500087486,1
0.7490065230687039,-0.5808579974528301,0.6809115077433212,-0.5487414178102968,0.7323657000588688,0.8359921389460222,1
0.7468288688826151,0.21623190745843363,0.6793150552702775,0.21455081061552367,0.733846752178641,0.9767128286575444,1
-0.7040343600094758,0.08309944417144874,-0.6472980849452953,0.08300383640912892,0.7622369639594719,0.9965492276557976,1
-0.029790337080076383,-0.018410016891922832,-0.02978593096606629,-0.01840897696229668,0.9995563007237185,0.999830540425327,1
-0.6024672177501923,0.6218006433508865,-0.5666770354735079,0.582499722627103,0.8239400084150281,0.8128309007040444,0
-0.02489207218191448,-0.04744211118008161,-0.02488950167693282,-0.04742431642988149,0.9996902083677093,0.9988748341064352,0
-0.03911383438907102,-0.012124442958664718,-0.039103861827963715,-0.01212414590771757,0.9992351514984547,0.9999264998418675,0
0.2745510196346267,-0.23521991091708533,0.2711147995840823,-0.23305684640113625,0.9625470198626573,0.9724631131027835,1
-0.02439869411000704,0.7691475647713713,-0.024396273440108814,0.6955230134338215,0.9997023666283057,0.7185038189069952,1
-0.024973586167530266,-0.004378980248423755,-0.024970990327418188,-0.004378966253604556,0.9996881762039941,0.9999904122813127,1
-0.4908323614517319,0.35544180193557573,-0.47136014491463835,0.34800458533305545,0.8819408221564818,0.9374928312190809,0
0.5321102124039416,0.3307930458938768,0.5073529204673357,0.32479318141333985,0.861738367541602,0.9457850650689095,1
0.15365335740897723,-0.7327438833801356,0.15304946130552613,-0.6689117937014187,0.988218529675541,0.7433417869642138,1
0.1539909264386586,-0.09677592716201905,0.15338304454915516,-0.09662493743543964,0.9881668086132178,0.9953208635739519,0
-0.10091025710273713,0.29892186514081154,-0.10073908477106785,0.2944900535370958,0.994912878999708,0.9556545444708137,0
0.9040076348631869,-0.30581379123800034,0.7858117981870255,-0.3010693079804771,0.618465696566975,0.953602260794382,1
-0.43872005600258457,0.07894785128969874,-0.4247810850226716,0.07886586629950916,0.9052961006250727,0.996885236691179,1
-0.18718802702009965,0.1196289012387097,-0.18609678256903117,0.11934376899937127,0.9825314180816076,0.9928529925427151,1
0.02269298267710109,0.12555292682902525,0.022691035020837115,0.12522332700889782,0.9997425253182357,0.9921285795565122,1
-0.4360923681402523,0.7292638379919875,-0.4224007856834086,0.6663208852690726,0.9064091660249466,0.7456651244722656,0
-0.48419753911759666,0.3518420950301904,-0.46549829237865625,0.34462763850282657,0.885048778199572,0.938739469064748,0
-0.2438814247866191,-0.46790032061772147,-0.24147100170508298,-0.45101328089296766,0.9704080354858691,0.8925172381854376,1
0.3089667151676822,-0.35920020658708446,0.3040744419333648,-0.3515255965706092,0.9526482738990885,0.9361782709268984,0
0.04233373177198624,0.5606312660510254,0.042321088208461574,0.5317209354354979,0.9991040613934324,0.8469196224079348,1
0.24131685720530033,-0.7066229422264692,0.23898153336684697,-0.6492690270991124,0.9710241123214349,0.7605588277377181,1
0.32320302085911107,0.7589436465783598,0.31760536263997685,0.688155377875205,0.9482229872885011,0.7255633507154519,1
-0.011699473649012436,0.056087265699415884,-0.011699206751363532,0.056057863945082234,0.9999315619388103,0.9984275216007994,0
-0.061454097413009084,0.10570795539237521,-0.06141542339681195,0.10551119887782576,0.9981122911621669,0.9944181147341212,0
-0.34916577118098596,0.3108389842347755,-0.3421140364397415,0.30585752183654175,0.9396584411747213,0.9520772953578976,1
-0.05061012123614862,-0.2388793600796912,-0.05058851867402816,-0.23661395728675252,0.9987195811529719,0.9716037439291302,1
-0.012497482760312824,-0.02475635390043475,-0.012497157438639803,-0.024753825211032063,0.999921907478756,0.9996935771212205,1
0.028977914929088147,0.02545937123511411,0.02897385954572953,0.02545662095014153,0.9995801696027309,0.9996759277134769,0
0.09531151279645719,0.27246344389005905,0.09516727217891133,0.26910482047668394,0.9954612952325294,0.9631108947552258,0
0.15422475827480606,0.5829532120773652,0.15361410521304003,0.5504917950180525,0.9881309157594438,0.8348405737731022,1
0.07942835870645236,0.5596521953327662,0.07934486792639218,0.5308914865165877,0.9968472259748449,0.8474398088030841,0
-0.3459572776722443,-0.40215504009769537,-0.33909739267046335,-0.3914023598791953,0.940751273336419,0.9202196437161059,1
0.5839586767507643,-0.7728141185727981,0.5513309193191165,-0.6981527652724717,0.8342866518186287,0.7159488224324424,0
-0.0036093733318425594,-0.04688521637661336,-0.00360936549495019,-0.046868040900310506,0.9999934862191473,0.9989010895690158,1
-0.12195546635376595,-0.2374160919489988,-0.12165338105417883,-0.2351919876865812,0.9925726446351858,0.9719489332922975,1
-0.054415875644253056,0.3207117047837267,-0.05438902459158122,0.31524205627931173,0.9985198215378482,0.9490112991702424,0
-0.020502826464835623,0.5918300305894852,-0.020501390046867532,0.5578807372952079,0.9997898244161851,0.8299211305629922,0
-0.34636928037391,-0.3929184110047636,-0.3394849559454571,-0.3828860570156358,0.9406114844539754,0.9237955765985347,1
-0.4808878562613136,0.6902661648167278,-0.46256651742630933,0.6367424382264504,0.8865845796967686,0.7710765638776963,0
0.07129973899411388,-0.06456082505327293,0.0712393438281614,-0.06451598506860408,0.9974592502407971,0.9979166737111008,1
0.4696159347837919,-0.6892917647653677,0.4525438316183742,-0.6359907990226304,0.8917421603042892,0.7716966395926291,1
0.2065794397147052,0.5229569497318912,0.2051132731516105,0.49944405954793986,0.9787382413991152,0.8663461383201716,0
0.016317658779526893,0.034926611268000785,0.016316934649577935,0.03491951072417853,0.999866869960017,0.999390127913411,0
-0.9267646959605533,0.08418672264216552,-0.7996815742088447,0.08408731365337885,0.6004243331768493,0.9964583903417936,0
0.2801270881835445,0.5182959758146715,0.2764777851219592,0.4954006322938694,0.9610203090122788,0.8686646150976995,1
0.2776641119411781,0.7686860540590531,0.2741099787340055,0.6951913421658603,0.961698351645901,0.7188247336991332,0
0.2770670652939348,-0.4538393213020882,0.2735357511363442,-0.4384194255830776,0.9618618366742056,0.8987704975528538,1
0.21801853295522847,0.14718739673815592,0.21629548730359807,0.14665652429873147,0.9763279480646342,0.9891874766092703,0
0.026434475717004496,-0.027035006657503406,0.02643139717077414,-0.027031713501375114,0.9996506295919594,0.99963457646541,0
0.4075915641056643,-0.2338207254434146,0.39639934733192267,-0.2316959624535799,0.9180781869943462,0.9727882508453262,0
-0.6886680190631079,-0.5943126723683743,-0.6355093328725749,-0.559939412799656,0.7720931859768319,0.8285335563473434,0
0.09867099888520704,-0.04383515238122646,0.0985109672261471,-0.04382111537197848,0.9951359652510651,0.9990393935413937,1
0.38077530560185124,-0.16571179565990007,0.37164035675514,-0.1649544176259016,0.9283767797779694,0.9863011913739634,1
0.48984656711865876,-0.5596905244756964,0.47049050375923585,-0.5309239677681636,0.8824050577101088,0.8474194595649253,0
-0.351131842269773,-0.5514376793363475,-0.34396080933441747,-0.5239123452207904,0.9389840049979619,0.8517721846393267,0
0.35321386324696025,0.08590815158791947,0.3459150468153113,0.08580252053389552,0.9382658367364555,0.9963121636666042,1
0.019811413023536735,-0.043480883030047685,0.019810117078498737,-0.04346718359170658,0.999803760375673,0.9990548553260751,1
-0.7277551688340597,0.5159636928437416,-0.6651951654198379,0.4933733150652319,0.7466695332622555,0.8698176659401344,1
-0.033088075075800936,-0.715454137617575,-0.03308203782130922,-0.6559602653233771,0.9994526395850828,0.7547954228245456,0
0.6145872407414823,0.17558724321059135,0.5766213423443796,0.17468638151362606,0.8170115222889857,0.9846241252953717,1
-0.4883456289117,-0.3551979519739394,-0.46916553882733936,-0.3477759673977298,0.883110240670355,0.9375776642500466,1
0.554324469572475,0.5642926271430342,0.5263690464061929,0.5348182430550625,0.8502562125532722,0.844967127701129,0
-0.44726708102238527,-0.6064839296806889,-0.43250306385584114,-0.5699819848656781,0.901632463787385,0.8216571894218305,1
0.6596603029758893,0.4115106276430953,0.6128484585934612,0.3999943007121697,0.7902004598831988,0.9165176263432048,0
0.20282558524107033,-0.7083487159580908,0.20143779568706283,-0.6505806120367474,0.9795013090694351,0.7594372042782017,1
0.7140370987788834,0.12566643856003812,0.6548900326682275,0.12533594443436294,0.7557241858719409,0.9921143588481856,0
-0.27689982769044436,-0.041513192662005774,-0.27337488784345887,-0.04150127009607738,0.9619075686866053,0.9991384511570017,1
-0.6395948133176047,-0.5023990422426227,-0.5968703938295318,-0.4815295145789438,0.8023376676747638,0.8764298754546006,1
-0.11621982496958844,0.2789636588174575,-0.1159583704857423,0.275359519009576,0.9932540744010524,0.9613413209109525,0
-0.06541093298572531,-0.6731773507896818,-0.0653642985343551,-0.6234733246377597,0.9978614675780961,0.7818446223292316,1
0.222473953824045,-0.5209372782116137,0.22064327801358802,-0.49769330748116586,0.9753545734077523,0.8673530836334519,1
0.3759759899250553,0.30295756454119893,0.3671805205584464,0.298344379382878,0.9301497004904256,0.9544582920644806,0
0.11695800664533547,-0.269546788742383,0.11669154078267462,-0.26629461749041006,0.9931682054464719,0.9638916830721366,1
-0.43306951987683906,0.7901246542478664,-0.41965892261699855,0.7104410042068409,0.9076818763575375,0.7037567616311587,1
-0.009289027756853797,0.03329690569406394,-0.009288894171865184,0.03329075341108375,0.9999568572918853,0.9994457092495432,0
-0.07467878898456184,0.38346937751230925,-0.07460939537990793,0.3741401188479406,0.9972128349159193,0.9273721860550105,1
-0.6429178250652489,0.003947689107804658,-0.5995332709780615,0.003947678854184118,0.8003498341290177,0.9999922078854736,0
-0.3377783170211591,-0.17062909984488583,-0.3313917688452152,-0.16980234677172104,0.9434932408563611,0.9854781392962587,0
-0.782628556733051,-0.33733709483364727,-0.705145664028954,-0.3309754464499087,0.7090624743287192,0.943639366414566,1
0.23850338384588238,0.19197285636741712,0.23624864065530896,0.19079587949322235,0.971692636479519,0.9816297328261853,0
0.08650336999449743,0.098245413098639,0.08639552863812039,0.09808744259510463,0.9962609159408692,0.9951777999961374,1
0.8389839827816586,-0.5007113258210789,0.7439645820197192,-0.48004966439703867,0.6682190514346509,0.877241312132694,1
-0.8327190135650485,-0.20671605275071211,-0.7397636374208272,-0.20524697963978122,0.6728668224469883,0.9787102111190765,0
0.023212379567899812,-0.007489552628393473,0.023210295096023757,-0.007489482609513066,0.9997306048138946,0.9999719534318159,1
-0.18107458758609424,0.31049230915583104,-0.18008669607512265,0.3055274419920932,0.983650741826969,0.9521832713242594,0
-0.37502515178249807,0.13988931262952,-0.36629593289551,0.13943350938481253,0.9304984092110035,0.9902314358071225,0
0.13708864695515338,0.32995200851197337,0.1366596589794599,0.32399762604191845,0.9906180583896186,0.946057893746044,1
-0.42277059118781884,-0.4690090605846231,-0.41028868097536414,-0.4520025730070879,0.9119556997264153,0.8920166332501722,0
-0.5633512848406124,0.7097183839708804,-0.5340226029130941,0.6516201783165256,0.8454702002897109,0.7585454127543976,1
0.3299546903804043,0.447344858450339,0.32400016324355235,0.4325731892015869,0.9460570248236368,0.9015988220843948,0
-0.4700804686921994,0.6727990227934765,-0.4529580272468814,0.6231774863159921,0.8915318421417227,0.7820804437836822,0
0.11447345113994795,0.06403425088938881,0.11422360161960035,0.06399049901029547,0.9934550663382048,0.9979505078090863,1
-0.01687870019224937,0.16847955073587262,-0.016877898773385663,0.16768362245582835,0.9998575581216533,0.9858408607681521,1
-0.09158425834190169,0.3194372294976246,-0.09145628217147692,0.31403230913792207,0.9958090923723137,0.9494122965379712,0
-0.2133028479948737,0.2536060679473512,-0.21168904439547556,0.2508963071249132,0.9773370700443785,0.9680139684276675,0
-0.25813334874315635,0.5775662508927573,-0.2552761919885321,0.5459865755650588,0.9668681739533235,0.8377939241261781,1
-0.08470329845416975,-0.4086202914313224,-0.08460204871323118,-0.39734358953267757,0.9964148199186542,0.9176699144339903,0
0.921705744176264,-0.3562399449363006,0.7966338363129978,-0.3487527277500131,0.6044621831357492,0.9372147752179995,0
-0.09037570693722702,0.07981249866979476,-0.09025272919671597,0.07972779091961482,0.995918894726144,0.9968166728918002,0
-0.13923927011439186,-0.13944201652933663,-0.13878978743787293,-0.1389905687915708,0.9903218642961237,0.9902937048103434,0
0.05256283137338984,0.33696308035350536,0.05253863083609893,0.3306224885215132,0.9986188924058408,0.9437630900198639,0
-0.010539581796057719,0.08689515703639447,-0.010539386669459366,0.08678584411461808,0.9999444591219212,0.9962269908315641,0
-0.08264400220780775,0.050419806273339675,-0.08254995747907722,0.05039844647907922,0.9965869277289375,0.9987291908182595,0
-0.02696582963583923,0.3603015220332527,-0.02696256169399826,0.3525564107704038,0.9996364440469832,0.9357905626926841,0
-0.3686489969289357,-0.5496715096207522,-0.36035552522910214,-0.5224071546316009,0.932815038170407,0.8526961737862523,0
0.5886981875307715,0.5059948612776669,0.5552788228442641,0.48467787795220785,0.8316642525086,0.8746927201158957,0
0.1413147136238161,-0.13719967739909292,0.1408448441317828,-0.13676964689967774,0.9900316812514102,0.9906028789009941,0
-0.11578685464898675,-0.9145268090920329,-0.11552831009517721,-0.7922739507983657,0.9933041878329884,0.6101655405595672,0
-0.05530403767022676,0.8168991180972826,-0.05527585041076337,0.7290268305697418,0.9984711214458668,0.6844851205902411,0
-0.8231562003958184,0.2426274370215118,-0.7332954113079747,0.24025393236556558,0.6799101703568408,0.9707100741121842,0
-0.2906905399452256,-0.03551370521461145,-0.2866138625480551,-0.03550624056685688,0.9580461856274386,0.9993694546466829,1
0.3507152452274249,0.5108419722326717,0.34356960153870697,0.4889119003991169,0.9391272165678802,0.8723331666560226,1
0.5532439805110099,-0.7895433269597016,0.52545004679136,-0.7100317711764008,0.8508244521209752,0.7041696414359988,0
-0.49823206497171024,-0.3950408056519072,-0.4778732812163902,-0.3848458519643792,0.8784287831688354,0.9229808612456767,0
-0.33497642349093626,0.22950332197335951,-0.3287469038843068,0.2274938967316139,0.9444180605994796,0.9737795063308048,0
0.3348832199071665,0.4614502563023506,0.3286588793087124,0.4452471454263953,0.9444486968869941,0.8954077169031136,1
0.34761789705240265,0.00014195273334522557,0.3406591541918636,0.0001419527328684873,0.9401868647589606,0.9999999899247107,1
-0.3778781103661166,0.01122885699018241,-0.36894911200934066,0.01122862102242568,0.9294495966686516,0.9999369570477604,0
-0.6399131803738383,0.16116295123288435,-0.5971258014579097,0.16046619580640717,0.8021476031462346,0.9870413365221438,1
0.031249064571575228,0.3747544116573671,0.031243979013602628,0.36604399621805844,0.9995117877120797,0.9305975461136323,1
-0.1335139868615539,-0.24418601593095868,-0.1331176705487159,-0.24176656819318915,0.9911002400300807,0.9703344405430986,1
0.054269583787601515,-0.04937085472855603,0.054242948691508,-0.0493508004169793,0.9985277675243941,0.9987815068863678,1
0.49049106141977666,0.5491355348893148,0.4710591110363368,0.5219500560150737,0.8821016460191287,0.8529760483307028,0
-0.7841481798969947,-0.437606994136131,-0.7062223571946571,-0.423773171531238,0.7079901003534034,0.905768347366122,1
0.5596198073818958,-0.4933151656327102,0.5308640393992522,-0.47354837621977436,0.8474570028459905,0.8807678101404564,0
0.044993294607095294,-0.010820149527341083,0.044978115431808983,-0.010819938399262768,0.9989879724662369,0.9999414627532135,0
-0.3306482844634017,0.23663518085690174,-0.32465626481171456,0.2344329103481282,0.9458320726844199,0.9721323009476162,0
-0.7842308854327451,0.35176283132915354,-0.7062809094797929,0.34455322945567507,0.7079316894336604,0.9387667825779015,0
0.051436668807904866,-0.1450971479917701,0.051413990544148906,-0.14458855754013492,0.9986774261874182,0.9894918640536986,0
-0.06863546584902398,-0.4128027648653301,-0.06858159023760683,-0.4011782330035405,0.9976455109308521,0.9160000138450637,0
-0.09913456040506348,0.20679966570822517,-0.0989722633656657,0.20532881177753193,0.9950901924369857,0.9786930463909647,1
-0.042596677688546705,-0.05953603628757845,-0.042583797075544876,-0.05950087121381511,0.9990928986969274,0.9982282536197806,1
0.6143624363307989,-0.07593108288465958,0.5764376599817739,-0.07585814010105647,0.8171411286642821,0.9971186201151839,1
0.6796449258007042,0.4108077545586735,0.6285168883753808,0.39935000638955426,0.7777959379084781,0.9167985451540938,1
-0.5787098735761927,-0.2298097749842689,-0.5469443384514158,-0.22779230370625192,0.8371689737657166,0.9737097444167839,1
0.016627056391738487,-0.05561436217263509,0.016626290285752784,-0.05558569779815396,0.9998617736824095,0.9984539199183367,1
0.23060744060350372,0.20861285382668573,0.2285689259413716,0.2071030278838555,0.9735277325757123,0.9783191380328502,0
-0.12304748475699756,-0.05724356504415504,-0.12273721589716106,-0.05721230730134893,0.9924392051072014,0.9983620344811075,0
-0.07335560816492906,-0.20504863453886105,-0.07328983755535091,-0.2036147758435076,0.9973106836443247,0.9790510829666643,1
-0.2783813810965795,0.24341455021648653,-0.274799704727926,0.24101791657017962,0.961501493644937,0.9705206663910717,0
-0.13418928507867514,-0.10007044852432466,-0.1337869283702574,-0.09990351297417455,0.9910101199267601,0.9949971296920503,0
-0.27836251785285027,-0.007157183209846738,-0.2747815676420165,-0.007157122105227728,0.961506677087682,0.9999743874735847,1
-0.2172611963391663,-0.14750224377321663,-0.21555601644084457,-0.1469679597687836,0.9764914765506939,0.9891412532097734,1
-0.2376778769771933,-0.47457974983813034,-0.2354464213035624,-0.4569646813944281,0.9718873302473623,0.8894848396448861,1
-0.3949188601966916,0.5326551332726711,-0.38473329578191584,0.5078224243375847,0.9230277845854831,0.8614617724193558,1
-0.06161828692367721,0.2634772796771743,-0.0615793021369289,0.26043939911147074,0.9981021939402442,0.9654901964237939,0
0.004872261222361011,0.04143720676933302,0.00487224194533968,0.04142534954922442,0.9999881305587712,0.9991416017836133,0
-0.6940986189409816,0.45508588817990914,-0.6396928704131262,0.4395394621896437,0.7686306210024523,0.8982232802471993,0
0.0738875535244258,-0.6975227692012755,0.07382034195121154,-0.6423210218775856,0.9972715563547404,0.7664357147563873,1
-0.055463570513736196,0.6213870621633815,-0.05543513864384869,0.5821635012494198,0.9984622904264022,0.8130717421070645,1
0.9768437723262587,-0.12424810684639043,0.8287351468241563,-0.12392867158049226,0.5596410067340886,0.9922911288328111,0
-0.07204433961492315,-0.22030311173985206,-0.07198203278787585,-0.21852541902501185,0.9974059288753627,0.9758312565397478,1
0.8982392483611762,-0.34796099453890017,0.7822311951698024,-0.3409817098851749,0.6229882481260962,0.9400699301242341,1
0.5775392586895268,0.4835113069317773,0.5459639614622991,0.4648908338637341,0.8378086612015856,0.8853680096939814,0
0.14140166439765628,-0.010923535141347071,0.14093092762006115,-0.010923317903350474,0.9900194309407008,0.9999403387832608,1
-0.1496607061594006,-0.15074404685405945,-0.14910263994184753,-0.15017378305074133,0.9888217244591523,0.9886596152793078,1
-0.38248250978603887,0.7069635735352302,-0.3732247431268388,0.6495280595757434,0.9277409612159556,0.7603376222598547,0
-0.2181431836104357,-0.6559197827339621,-0.21641718554132983,-0.6098884173436109,0.976300979105506,0.7924872985670531,0
-0.02316745945754101,0.09732321909391226,-0.02316538706352449,0.09716965401556596,0.999731646414275,0.9952678324644554,0
-0.13855458950999294,-0.6987227211914745,-0.13811170078679488,-0.6432402452840843,0.9904166588389852,0.7656644087633113,1
0.7529891869275783,0.2047855515903785,0.6838228662679287,0.20335719715449907,0.729648057332516,0.979104616660276,0
0.2885729697005963,0.07554067985293458,0.2845844913656557,0.07546885619772147,0.9586509621724432,0.9971481593746275,0
0.15008445863701425,-0.1586388142305123,0.1495216421980709,-0.1579742597053457,0.9887584530684893,0.9874432304039296,0
-0.1370501095321651,-0.07994686797335174,-0.13662148301085447,-0.07986173176157522,0.990623324165101,0.9968059509252752,0
0.22494412285366963,0.7684380901892209,0.2230518930705136,0.6950130782326923,0.9748065720940028,0.7189970939339863,1
-0.23750223993700006,-0.22919441056029258,-0.23527571825878493,-0.22719307427863594,0.9719286683691416,0.9738497353287222,1
0.1424417563106644,-0.45792520692328503,0.1419605624093372,-0.4420880292350445,0.9898723143519191,0.8969716686758141,0
-0.06970593719711987,0.8252931700516967,-0.06964950167452859,0.7347466832577143,0.9975715247121331,0.6783415890550926,0
0.5200740573685061,0.28568504794430083,0.496944404885896,0.28181479951396754,0.8677823796624374,0.9594688211583023,1
-0.034046944326106054,0.02934869434951852,-0.0340403668693767,0.02934448130157135,0.9994204587776849,0.9995693579822972,0
0.333366366335587,0.4031254205607199,0.3272259113825698,0.3922951386233067,0.9449461375760243,0.9198394013155343,0
0.003500748081851319,-0.2788165006655104,0.003500740931439386,-0.27521804681638395,0.9999938723876917,0.9613818318995708,1
0.3024236441524328,0.7222096603907557,0.29783473214006856,0.6610442962060127,0.9546174481597608,0.750346878752419,0
-0.5858418761520108,0.21353496345707934,-0.5529010688829178,0.21191589373653505,0.8332469070018363,0.9772879074161542,0
0.2838979735724259,0.15216746506104106,0.280099708279062,0.15158090653743783,0.9599709127999579,0.9884448536834458,1
-0.09198135567968674,0.5913537479560833,-0.09185170808990663,0.5574853970123043,0.9957726968143716,0.830186745327841,1
-0.10112073915495876,0.06709164458306381,-0.10094849384256877,0.06704132276563161,0.9948916531919025,0.9977501997202679,0
0.5579242598160645,0.27255549805208856,0.5294263733439851,0.26919347770272395,0.8483558894755404,0.9630861184558279,1
-0.14362616614588997,-0.04050445862214932,-0.14313287706693836,-0.04049338418610047,0.9897034805953452,0.9991798065599389,0
-0.6996088958795215,-0.46512643691751515,-0.6439185050438024,-0.4485358099045878,0.7650940849739687,0.8937648612656661,1
-0.4893986508081589,-0.23374908965289826,-0.47009521295761236,-0.2316262754037897,0.8826157095556011,0.9728048460727197,1
0.026242800056703014,0.05462113535316142,0.026239787991910648,0.05459397933230323,0.9996556774840724,0.9985086366279783,0
-0.41653117527194417,0.5615118118811887,-0.4045906606801583,0.5324664807433077,0.9144978935407085,0.8464510894817471,1
-0.8578606367061211,-0.0017459975632446792,-0.7564450289142762,-0.0017459966761303727,0.654057274427003,0.9999984757466418,0
0.04650524737652697,-0.2632150416345219,0.04648848607793438,-0.2601862019000111,0.9989188258623328,0.965558460343467,1
-0.33680972385688035,-0.3069431155562087,-0.3304777524331257,-0.3021460419867014,0.9438137820283987,0.9532616478762641,0
0.13727293879232,-0.24732615395522523,0.13684221947961867,-0.2448123552941174,0.9905928563077223,0.9695704774256211,1
0.6024338380834217,0.6449536955180108,0.5666495323148967,0.601161435968772,0.8239589234466175,0.7991276042685324,1
0.21547038639234656,-0.3940447750019159,0.21380696108233005,-0.38392634399087466,0.9768759303989115,0.9233637216123453,0
0.7263774072252842,-0.13184749006137597,0.6641658017822996,-0.13146582108662846,0.7475853046595252,0.9913207038521987,0
0.24768907417498567,-0.8344986141190599,0.24516421589488321,-0.7409598995514665,0.9694815662221985,0.6715492738859008,0
-0.581919214592173,-0.20331219605849205,-0.5496282778387088,-0.20191440775168812,0.8354093345181481,0.9794031712947866,0
-0.20544600435219745,0.599744087568189,-0.2040038051036861,0.5644312412635202,0.9789700953058869,0.8254800869104728,0
-0.7046772273667361,-0.003249406620887482,-0.6477879684170034,-0.0032494009026695454,0.7618206796708603,0.9999947206829513,1
0.05738084987969887,0.06548249302181013,0.057349366729491556,0.06543570536956167,0.9983541706908057,0.9978567875515945,0
-0.5988794511430189,-0.3685976002036371,-0.5637172902177587,-0.36030758111489014,0.8259678060975181,0.932833558032266,0
0.10788546141261507,0.7980491672165798,0.10767629845582581,0.7159955684345838,0.9941860061129667,0.698104824494171,0
0.2111647414401066,-0.08891009218039253,0.20959891132392536,-0.08879299935793536,0.9777874494857384,0.9960501007805891,0
-0.05705828549168516,0.030680010808834174,-0.057027330249448976,0.030675198041851436,0.9983726176155976,0.9995294053828998,0
0.6519429268422259,-0.2330555579054415,0.606731995065454,-0.23095154870851445,0.7949064637829371,0.9729652522824948,1
0.04897858031714391,-0.9023822275764645,0.048959000202253224,-0.7848055019428191,0.998800789096202,0.6197421432501422,0
0.22943162106553683,-0.634036522661721,0.22742407527227532,-0.5924015708206428,0.9737958153466005,0.8056428358082972,0
0.2544261545465784,0.34135726369129554,0.25169007795015086,0.33476635125624143,0.9678078862364405,0.9423011673910751,1
0.05077179836510886,-0.5011448018304607,0.050749988126662746,-0.48042988234736467,0.9987113890935376,0.8770331397089265,1
0.5245763568953858,0.23023467923318214,0.5008463711864168,0.22820601653818998,0.8655361993986144,0.9736128666034418,1
0.02427389690028962,0.022882695856382956,0.02427151318455157,0.022880698944303265,0.9997054034302967,0.9997382025389547,0
-0.21509851245330414,0.054470762921955,-0.21344367160680341,0.054443830544362797,0.9769553720876952,0.998516834768276,1
-0.025690864099181324,0.3508891044847523,-0.025688038109623328,0.34373287230574656,0.9996700079016467,0.9390674696188988,1
-0.02811546381668248,-0.00018904911917184963,-0.028111759847695185,-0.0001890491180457606,0.9996047863822309,0.9999999821302153,1
-0.14737863224689576,-0.05181508468238702,-0.1468456893862176,-0.05179190224548069,0.9891594125866096,0.9986578988130993,0
-0.4101512872382176,0.4683702858806291,-0.39874807209863844,0.45143268316896773,0.9170605078170246,0.8923051790541543,0
-0.16074306681745795,0.21583803263048623,-0.16005173839866838,0.214166091385704,0.9871086267658511,0.9767972590566428,1
-0.21952261092651995,0.03256518338306916,-0.21776371545211684,0.03255942784003156,0.9760015185605448,0.9994698012740204,1
-0.5139429882323883,-0.44495193027493124,-0.4916146644105367,-0.4304144915570666,0.8708128511548939,0.9026313563452534,0
-0.28459229904101896,-0.3888616708009791,-0.2807661729630418,-0.37913531803848005,0.9597762010592299,0.9253412400924648,1
-0.15075805879223195,0.3098184680440805,-0.15018763607340166,0.3048857524423354,0.9886575109564907,0.9523889320848237,0
-0.2673270615388937,0.25843771804621246,-0.2641543866156269,0.2555704651517626,0.964480409356106,0.9667904309322221,0
0.9488986177310766,-0.15706936461872623,0.812774356124127,-0.1564243233880878,0.5825786178937662,0.9876899468216627,1
0.17141240671884392,-0.40711347049069374,0.1705742264006469,-0.395960374726205,0.9853448296346923,0.918267598059892,0
0.25780003292644765,0.2891175525271885,0.2549539053589285,0.2851065139908711,0.9669532078349141,0.9584958401996189,1
0.1749692264944193,-0.8655485571261607,0.1740778340235193,-0.7614509652588373,0.9847318963564042,0.6482225138842256,0
0.6575614548914195,-0.14562374413936235,0.6111885992412883,-0.14510960007228113,0.7914849942718256,0.9894155870850543,1
-0.10777668996065522,0.0018625387288410302,-0.10756815876366452,0.0018625376519677272,0.9941977123390473,0.9999982654752432,0
0.45338622264779443,-0.6408687491346613,0.43801214889065104,-0.5978920359111501,0.8989690525397379,0.8015766422457805,1
-0.4117227943180799,0.7671278546629665,-0.4001887462052455,0.6940704263961421,0.9164327402546646,0.719907107342522,1
-0.04516532632974966,0.09111188245965877,-0.04514997238721394,0.09098587578668568,0.9989802200211142,0.9958521830107768,0
0.39212073686261295,-0.089316208947517,0.38214904743755834,-0.08919750467128756,0.9241007009750435,0.9960139583160548,1
0.6068013335257432,0.6405595142256234,0.5702427533010636,0.5976441318479687,0.8214762335622513,0.8017614930062978,1
-0.3054188561351204,0.5149930917442278,-0.30069267350384193,0.4925288368196335,0.9537210892609599,0.8702961248340124,1
-0.1923136452793503,0.3595222026193399,-0.19113039693607994,0.3518270240307817,0.9815646547054638,0.936065032549365,1
0.27861778045083785,0.20817062513587703,0.2750269953794817,0.20667036685517448,0.9614365043062046,0.9784106292676646,1
0.13270588314207798,-0.06846649156289568,0.13231671538052245,-0.068413012821309,0.9912074892931902,0.9976570852135073,1
0.4747521089180496,0.1468410566455467,0.45711798539455833,0.14631392022749184,0.8894060644209822,0.9892382103152219,0
-0.2679520173876773,0.016824276411728963,-0.26475709266389175,0.016823482720121918,0.9643151361894946,0.9998584751999484,1
0.3740160482830299,0.5376384804093274,0.36535677735617916,0.5121090640719554,0.9308675658974843,0.8589204308289249,1
-0.06994035849524109,0.031675271972852706,-0.06988335177044201,0.03166997548451498,0.9975551699757406,0.9994983805153514,0
-0.08227853975744331,0.008306649066580955,-0.08218573687377405,0.008306553539866573,0.996617030084533,0.9999654999890193,0
-0.29378642249751136,0.20073882861423284,-0.289578482757918,0.19939337773716137,0.9571542730007646,0.9799195277748911,0
0.11745921166055788,0.05519279871475178,0.11718930699052832,0.05516478118437627,0.9931095943183107,0.9984772640961235,1
-0.057279286300789864,0.04487333703692447,-0.05724797001128783,0.044858278938676,0.9983599901486371,0.9989933607440341,0
-0.007921715372084456,-0.45359265477626043,-0.00792163251968521,-0.43819771565150006,0.9999686233768653,0.8988786136057566,0
-0.8644514371646905,-0.28272029749319555,-0.7607393292734143,-0.2789689795215736,0.6490575266466262,0.9603001137481406,0
0.14016498692553683,-0.2574352581985957,0.13970648543709818,-0.25460116831135726,0.9901929599460975,0.9670461442426064,1
-0.1341092117932109,-0.07222557489052495,-0.13370757450520845,-0.07216279674312384,0.9910208295086104,0.9973928668113737,0
-0.13428222712882135,0.12117972044812013,-0.13387903430454567,0.1208833603618861,0.9909976812150886,0.9926667180819645,1
0.4315396155637263,0.32438575458436636,0.4182697656128916,0.3187266355420919,0.9083228518396621,0.94784668158728,1
0.014315646016562038,0.18670577099596156,0.014315157052261187,0.18562292925177779,0.9998975328895302,0.982621050118503,1
-0.04329679823737052,0.5395461094719959,-0.04328327205033866,0.5137466328599459,0.9990628400459184,0.8579419544614122,0
0.2861764925450149,0.24439939934452878,0.28228629123505516,0.24197361596272976,0.9593302089378597,0.9702828294770146,1
0.3353166202950515,-0.3096393666430904,0.3290681728604993,-0.30471517336126586,0.9443061673049967,0.9524435222748978,0
-0.12465551880437997,0.0033195776800952377,-0.12433293255588253,0.003319571583364457,0.9922405564589941,0.9999944902070725,0
-0.5992159870827033,0.040990596695428747,-0.5639952261419798,0.04097911872808351,0.8257780482000336,0.9991600031167529,0
-0.17073953024862884,-0.6299472758510594,-0.1699111724849431,-0.58910215456073,0.9854593819456954,0.8080585693450109,0
-0.15787457538452107,-0.3684969000609526,-0.1572195711706186,-0.3602136428158013,0.9875636720945778,0.9328698363273251,0
-0.20591801379636973,0.21706021167285192,-0.20446586549177376,0.21535975227491755,0.9788736945330077,0.9765347802818322,0
-0.026695175384397054,0.15122897885882308,-0.026692004856269595,0.1506531980638554,0.9996437049653005,0.988586674962359,1
-0.04695360120162069,0.3468183461503652,-0.046936350466878246,0.3399073181275896,0.9988978821705702,0.9404589385418747,0
-0.3284107165891868,-0.09161110645768297,-0.322539090387933,-0.09148301773631996,0.9465561447540894,0.9958066365845611,1
0.024516860751528508,-0.7169361287906969,0.02451440474069251,-0.6570781447261287,0.9996994768230149,0.7538224669796388,1
0.021920856000812932,-0.41977945794200705,0.021919100460354685,-0.40755906863068614,0.9997597476569102,0.9131788464352903,0
-0.40750289502345377,0.12679373851464953,-0.3963179406235044,0.1264542750304058,0.918113331751557,0.9919724372816688,1
0.6199351648035868,-0.39931154991907963,0.5809823913465274,-0.3887841455578477,0.8139161264806531,0.9213288707963374,0
0.004294196179280049,-0.1494465579971561,0.004294182981709485,-0.14889088216950422,0.9999907799537552,0.9888536318418347,0
-0.09118422008394894,-0.1210977774463681,-0.0910579131296337,-0.1208020178655131,0.9958455987031705,0.9926766202946558,0
0.17434647146494228,0.2897535487037068,0.17346455356625076,0.28571605597782346,0.9848401132448157,0.958314319707515,1
0.3677549971579046,0.5405333755492804,0.35952144490517773,0.5145933993373288,0.9331368231150742,0.8574343318053298,1
-0.6108799811812016,0.24809420621720407,-0.5735885130335265,0.2455569638113128,0.8191435879722113,0.9693821627839918,1
0.2351034412759378,-0.0524602534250915,0.2329435823908513,-0.0524361942827517,0.9724902505541723,0.9986242764569373,0
0.49426872331012855,0.6397893446125088,0.47438802370769834,0.5970264623204791,0.8803158540902829,0.8022215425236932,0
0.04029987214396864,-0.19078837683164804,0.04028896466239514,-0.18963302559235967,0.9991880700480927,0.9818550379789714,0
0.15161652867402534,0.8423050279011846,0.15103631332379006,0.7461796608442578,0.9885282151044339,0.6657446310278051,1
0.07831900751124604,0.37473256331878013,0.07823896566836501,0.3660236641204188,0.9969346338908808,0.9306055433446885,1
-0.41952893237772776,-0.4182999145638501,-0.4073302811974614,-0.406207535325078,0.9132809217429197,0.913780848040232,1
-0.3734111505799036,0.5441387493028251,-0.3647936308957463,0.5176814193511928,0.9310883990566621,0.8555734615207127,1
-0.2567128222294322,0.7926700689463795,-0.25390247301376645,0.7122300535569763,0.9672298249110671,0.7019461167427501,1
0.741871288194615,0.03849367194022757,0.6756686177344708,0.038484166229461145,0.7372054795026889,0.9992592100899662,0
-0.21054114550709074,-0.35845820733085604,-0.20898912633303,-0.35083085628515426,0.9779179643889138,0.9364388449216667,0
-0.09307927726199222,-0.009111702575928901,-0.09294493284468448,-0.009111576496117066,0.9956712506939713,0.9999584887252847,0
0.27600022743075253,-0.23070781113623579,0.2725094450430921,-0.22866663828702607,0.9621531075469777,0.9735047860871103,1
-0.14604045308434455,-0.17901581277927375,-0.1455218857869163,-0.17806120048630042,0.9893550327142525,0.9840194148904673,1
0.8376607232203716,-0.4247762811159944,0.7430797036821248,-0.4121169548581464,0.6692029243627717,0.9111309540996007,1
0.09392625832382646,-0.07025246372578775,0.09378821409873321,-0.07019469054803841,0.995592170969705,0.9975333104307169,1
-0.6975108484182009,-0.4626020522910858,-0.642311885318051,-0.44627817687500665,0.766443371671496,0.8948942892013113,1
0.5979752214590747,-0.40729530458453267,0.562970195254839,-0.39612734053593457,0.8264771982666723,0.9181955837837208,0
0.06818646036031488,-0.1791969247226705,0.0681336350292369,-0.1782394152335566,0.9976762038746353,0.9839871497419058,0
0.08845391716396261,-0.7074470696929839,0.08833861696388749,-0.6498956039607687,0.9960905022902826,0.7600234890794282,1
0.11418397663476047,-0.017917702952048076,0.11393601692415117,-0.017916744238697095,0.9934880895347762,0.9998394822549693,1
-0.003573041781153801,0.07111236956922057,-0.003573034178543035,0.07105244921267227,0.9999936166930061,0.9974725808065507,0
0.10650057233240859,-0.08697647961458022,0.10629935829524965,-0.08686685957490835,0.9943341724118799,0.9962199298887737,1
0.11366783160955836,0.020561338501013878,0.11342321783530725,0.020559889750116165,0.9935467647050563,0.9997886231266402,1
0.16814571763545397,-0.16960594719018202,0.16735450680715966,-0.16879396349521658,0.9858967841773967,0.9856513571682309,0
0.7031841449981564,0.3836105909350392,0.6466497857596978,0.3742710725176355,0.7627870309443764,0.9273193432019515,1
-0.6015122145130091,0.13312950266798249,-0.5658899118042905,0.1327365983423024,0.8244808110066191,0.9911513484128013,0
-0.5519886858009605,-0.14106431214990353,-0.5243815976451354,-0.14059693432661888,0.8514833762623528,0.9900669179696675,1
-0.03523703406038205,-0.14850744348700495,-0.035229742510918864,-0.14796216985581268,0.9993792399497872,0.9889930213563489,0
0.008668873380573731,-0.0903158604458574,0.008668764804259073,-0.09019312678358878,0.9999624255524646,0.9959242942518269,1
-0.5180604176593142,-0.34057361058104274,-0.49519599751709814,-0.33402781129915665,0.8687812866556497,0.9425632187172884,1
0.41238729179798617,0.3668700816377765,0.40079762505378475,0.3586955569895662,0.9161666135323017,0.9334546038217096,0
0.12943350350027222,0.12769548901472894,0.1290724055067034,0.12734873513716619,0.9916351718937328,0.9918580037782444,1
0.10161258551476149,0.07194637758957709,0.10143781545049171,0.07188432453775742,0.9948418817061493,0.9974129755952398,1
-0.07013299682140935,-0.508594361157997,-0.07007551783078911,-0.48695000143255346,0.9975416892545127,0.8734298461266573,1
0.731362902289237,-0.0940167375262255,0.66788461523216,-0.09387829410025642,0.7442648323924688,0.9955836810117097,0
0.005937765544387005,0.2843466246810457,0.005937730653089506,0.28053037208855464,0.999982371521964,0.9598451491443071,0
0.45917816783946325,-0.42064656078525425,0.4432115523653543,-0.4083507352904325,0.8964170457158279,0.9128251075577201,1
0.1658982192203115,-0.4753403779856662,0.16513828453817878,-0.4576411163453947,0.9862704228454727,0.8891370021712857,1
0.669552316855914,-0.69195968976255,0.6206350210714308,-0.638047361901368,0.7840995922838276,0.7699971194561086,0
4.847989439294483e-05,-0.032510944524724306,4.847989437395445e-05,-0.03250521769119434,0.9999999988248499,0.9994715657900669,0
-0.37233178474896744,0.14490097682093694,-0.363788433589513,0.14439444498176862,0.9314816023875557,0.9895202091207673,0
-0.16624544665071278,-0.633095323024443,-0.16548073472079816,-0.5916430377963099,0.9862130228486464,0.8062000470275068,1
-0.5173190060452769,-0.21738321891229767,-0.4945517369376948,-0.2156751688383969,0.8691481919051026,0.97646516658124,1
0.7086970377644625,0.33431583654987357,0.6508451011033702,0.3281229619634645,0.7592105467982803,0.9446350204350477,1
-0.36157335433327775,0.45752539081793,-0.35374629397315693,0.4417293701908849,0.9353414133353964,0.8971483508934095,0
-0.03651271539220765,-0.040756456207063974,-0.03650460293916889,-0.04074517379586288,0.9993334848609114,0.999169570599678,1
0.45585320073080493,-0.23434448136056713,0.44022855072495276,-0.23220543425335438,0.8978857517115458,0.9726667652917987,0
0.5558815596505088,0.1839631775198232,0.5276923332850489,0.18292730443806982,0.8494355781294899,0.9831264421685655,1
-0.6200780520857756,0.11736498106980348,-0.5810986836784806,0.11709572516662471,0.8138331031772652,0.9931206327268114,0
0.21986580762116067,0.5214054831810281,0.21809866311613818,0.49809935193918214,0.9759267252959892,0.8671199660933698,1
0.5964075259040307,-0.30017718769180063,0.5616738393583341,-0.29568947588885586,0.8273587481742538,0.9552841115859584,1
0.23289789742261757,-0.515354625539134,0.23079814766734275,-0.49284344608507724,0.9730016521226074,0.8701180021416552,1
0.4200862922193169,-0.07764634793765476,0.40783924401240274,-0.07756835039277757,0.9130537503583191,0.9969870365342487,1
-0.09817365964471295,-0.6956081952311847,-0.09801603489824119,-0.6408524476613279,0.9951848355470589,0.7676640803935566,1
-0.11747052149042726,-0.6942231513445505,-0.1172005388835865,-0.6397885848712882,0.9931082688636708,0.7685509525518751,0
-0.0519984076066399,0.020535768665257907,-0.051974978260501035,0.020534325312513715,0.9986483873890852,0.9997891485128051,1
-0.04469831087388717,0.7855577648337662,-0.044683428277640165,0.7072196274380452,0.9990011968147771,0.7069939169231886,1
-0.2766879111206415,0.8045856969251028,-0.273171037554115,0.7205434230271767,0.961965479755697,0.693409817879931,0
-0.03576410457583293,-0.17133532343201324,-0.035756480924191855,-0.17049827227583048,0.9993605325766662,0.9853579751293217,0
-0.19490377318427227,-0.21360945696894093,-0.19367213097214944,-0.21198869475680035,0.981066310544148,0.9772721183454014,1
0.18766638078689143,-0.42332252135902093,0.18656675886438853,-0.4107919543228022,0.9824422855755126,0.9117291101328578,0
-0.05368171625788066,-0.028501203198550068,-0.053655937300403814,-0.028497344679101113,0.9985594826510913,0.9995938682016015,1
0.12222643133555659,-0.04023138496911889,0.12192232901344859,-0.04022053299989991,0.9925396443910622,0.9991908269821156,1
0.1867789430901808,0.1426323364664851,0.18569482919484773,0.14214920985004667,0.9826074650694937,0.9898452415095036,0
-0.033126007802951454,0.024421049594606746,-0.03311994976177664,0.024418622264872167,0.9994513839741168,0.9997018209879811,0
0.021350918491846883,0.004393544318132947,0.021349296351081452,0.004393530183212615,0.9997720777983918,0.9999903483996879,0
-0.6266028579648766,-0.06141806282654607,-0.586396379476955,-0.06137945679329035,0.8100242503384198,0.9981145035935309,0
-0.7170104540995552,0.023721802772364638,-0.6571341709988272,0.02371957803062697,0.7537736273614806,0.9997186512304594,1
-0.08059870827020697,-0.14468693115671877,-0.08051147303606465,-0.14418263916521218,0.996753682064713,0.9895510934577124,0
0.25101335995198293,0.5155819313615202,0.2483856891022656,0.4930412162393219,0.9686612150020215,0.8700059534791991,0
-0.0007483208894522569,0.2970226422081742,-0.0007483208196109522,0.29267452248200754,0.9999997200079362,0.9562121228524186,0
-0.08224460249274387,0.03978865237479649,-0.08215191437049837,0.03977815472544226,0.9966198186697184,0.9992085359956844,0
-0.08277789345474988,0.17151597799677581,-0.08268339100518737,0.1706762789087976,0.9965758660793885,0.9853271577592116,1
0.004223814248018062,-0.07534894584918848,0.004223801688794398,-0.07527766760277758,0.9999910797098611,0.9971626109919514,1
0.6527085614281389,-0.36916679738408364,0.6073404250552091,-0.3608384889500754,0.7944416958429095,0.9326283208718392,0
-0.2436746894168737,0.34379783865677926,-0.24127037888231545,0.3370651086105916,0.9704579353449504,0.9414813394631516,1
-0.0033049106508310205,0.01672304241296513,-0.0033049046345560037,0.01672226296244617,0.9999945387877658,0.9998601731849383,1
-0.027559570569674792,-0.026339796509233,-0.02755608198237755,-0.026336750922789965,0.9996202590713038,0.9996531276151898,1
-0.05741613451036463,-0.02609742672713123,-0.05738459325197057,-0.02609446444089328,0.998352146518104,0.9996594814863424,0
-0.03480630518937382,-0.0439411544662147,-0.03479927776445611,-0.043927015384284215,0.9993943217104408,0.9990347427989824,1
0.13163485305557843,0.2573136726333155,0.13125502664988428,0.2544835875776563,0.9913486359395156,0.9670770929215546,0
0.1922424061950049,0.2358306135336346,0.19106047068391802,0.23365068867172037,0.9815782681691968,0.9723206033419383,0
0.47128643286033345,-0.03320412125130599,0.454032853063029,-0.033198020254718,0.8909849428242017,0.9994487938114526,0
0.23209711615999123,0.17609428769307223,0.23001891225936655,0.17518560726686316,0.9731861589660109,0.9845354249627285,0
-0.813918217819576,-0.08579082701323396,-0.7269832127267298,-0.08568562804276926,0.68665523256837,0.9963222235536635,1
0.11100046307229744,-0.1890287966375946,0.11077266210278286,-0.18790508024214514,0.9938457714005039,0.9821871923514341,0
-0.5710254706232502,-0.2339517902540751,-0.5404951095645617,-0.23182345877108984,0.8413471557786313,0.9727578753026925,1
0.012399975523416557,-0.052989120637070515,0.012399657757074634,-0.05296432656182044,0.9999231212885856,0.9985964050164875,1
-0.1539469577005983,0.5835515485308181,-0.1533395959533375,0.5509912119965369,0.9881735517169377,0.8345110450452932,1
-0.3856683534558094,0.006873073569943416,-0.37617848175625784,0.006873019457056787,0.9265472194462389,0.9999763805228316,0
-0.2576176645306695,0.32703551751211557,-0.2547775594149425,0.3212370826730807,0.9669996872897971,0.9469988050233688,1
0.4473464841845046,0.21707271313363732,0.432574654961024,0.2153719603693496,0.9015981188341905,0.9765320878940248,0
0.09089504829514641,-0.7178177706799195,0.09076993887335288,-0.6577424907330424,0.9958718884459626,0.7532428664675781,0
0.6043045694367541,0.641523473195476,0.5681899456745823,0.5984167192406504,0.8228974332408112,0.8011850161687103,1
-0.016039728614754084,-0.2600159519722047,-0.01603904085903448,-0.25709596768551546,0.9998713663108482,0.9663858770697389,1
0.06782293493778403,0.5996528453644591,0.06777094987170765,0.5643559202918754,0.9977009062607323,0.8255315834245898,0
0.08251426031607605,-0.4374528010909601,0.08242065771138132,-0.4236335033143831,0.9965976295288,0.9058336794740978,0
0.18070811174689702,-0.11413438530169023,0.17972619975887338,-0.1138867483853205,0.9837166731941843,0.9934937385520951,0
0.8416940818322199,0.11007927875409512,0.7457727875466224,0.10985710009317858,0.6662003822836944,0.9939473917462218,1
-0.8869510791716908,-0.11792014086524102,-0.7751491112676916,-0.11764704774102218,0.631778327660033,0.993055472850244,0
0.06557712535268229,0.01246118105501133,0.06553013459010587,0.01246085856000351,0.9978505907502399,0.9999223604880269,0
0.8388456111858762,0.01025682134087903,0.7438721123613022,0.010256641501482089,0.6683219886036477,0.9999473992691366,1
0.02039906667513406,-0.05173562227571391,0.020397651954766543,-0.05171254632196727,0.9997919462541855,0.9986620111693938,1
-0.6661772570453488,-0.6389984723612537,-0.6179851082418801,-0.5963918209155546,0.7861898027774665,0.8026934632504671,0
0.0022222244559497143,0.5927486958275038,0.0022222226269551673,0.5586429214703716,0.9999975308602498,0.829408274790557,1
-0.06499005259687625,-0.11113398306044495,-0.06494431243493688,-0.11090535939060178,0.9978888897479284,0.9938309721770807,0
-0.5462614588129345,-0.25141494904809214,-0.5194963856018818,-0.2487746728445263,0.8544726475122424,0.9685613879104922,1
-0.05226524283168201,-0.9042199415872373,-0.052241450974189564,-0.7859430849021173,0.9986344830818288,0.6182988495012288,0
0.14805897582947336,-0.06676229696845686,0.14751862360776205,-0.06671271248733966,0.9890592781471045,0.9977722255066943,1
-0.2669388457969312,-0.3158334745969742,-0.2637799402417588,-0.3106088281529392,0.9645828855655972,0.9505378245359086,0
-0.0023244694872033567,0.04320367737022022,-0.002324467393957784,0.04319023826480504,0.9999972984220179,0.9990668662900544,0
-0.031771438113857464,-0.47758271377813544,-0.031766093240120696,-0.45963370787373464,0.9994953303143842,0.8881085826554331,1
0.5542581232227801,-0.5298286521589943,0.5263126338517302,-0.5053854936555829,0.8502911333467229,0.8628936798948655,0
0.7836870200451714,0.1113540817970055,0.7058957855008671,0.11112409764384729,0.7083157064558951,0.9938065379754959,0
-0.17214274357508666,0.40466627174812864,-0.17129381449040754,0.3937120079983471,0.9852199902140262,0.9192338411731312,1
-0.3864578882051649,-0.13619045735990223,-0.3769099056586603,-0.1357698411414679,0.9262499247051952,0.9907404050690678,0
-0.0875353375314958,0.1476781554898033,-0.08742359137551238,0.14714195902972824,0.9961712280883279,0.9891153845193663,1
0.03979807940228144,-0.22430914129623003,0.03978757429000662,-0.22243286394932274,0.9992081609615272,0.9749480094011691,1
0.44720350372452367,0.17722163221085457,0.4324457396260634,0.17629540632348054,0.9016599593412513,0.984337304844858,0
-0.5094763990440367,-0.052493969115890604,-0.487720210126435,-0.05246986356027145,0.8729999980722944,0.9986225079668325,1
